structure,n,rep,ns_per_query,checksum
sorted_array,256,0,4.3365,1889522388
spline32,256,0,11.2991,1889522388
splus16,256,0,2.7802,1889522388
clusterjump,256,0,6.1356,1889522388
btree8_bl,256,0,12.4634,1889522388
splus8,256,0,2.9678,1889522388
btree8_bl,256,1,12.2910,1889522388
splus8,256,1,2.9602,1889522388
clusterjump,256,1,6.0760,1889522388
spline32,256,1,10.9802,1889522388
splus16,256,1,2.8381,1889522388
sorted_array,256,1,4.3793,1889522388
splus8,256,2,2.8183,1889522388
spline32,256,2,11.1954,1889522388
splus16,256,2,2.8061,1889522388
btree8_bl,256,2,12.2009,1889522388
clusterjump,256,2,5.9814,1889522388
sorted_array,256,2,4.3182,1889522388
splus8,256,3,2.8183,1889522388
splus16,256,3,2.7969,1889522388
spline32,256,3,10.7269,1889522388
btree8_bl,256,3,12.4298,1889522388
sorted_array,256,3,4.3167,1889522388
clusterjump,256,3,5.9784,1889522388
splus8,256,4,2.8549,1889522388
clusterjump,256,4,5.9891,1889522388
splus16,256,4,2.7664,1889522388
sorted_array,256,4,4.3198,1889522388
spline32,256,4,10.9146,1889522388
btree8_bl,256,4,11.9720,1889522388
sorted_array,256,5,4.3167,1889522388
spline32,256,5,11.0764,1889522388
splus16,256,5,2.8290,1889522388
splus8,256,5,2.8229,1889522388
clusterjump,256,5,5.9647,1889522388
btree8_bl,256,5,11.9370,1889522388
splus16,256,6,2.8168,1889522388
splus8,256,6,2.9755,1889522388
sorted_array,256,6,4.3289,1889522388
clusterjump,256,6,6.0074,1889522388
btree8_bl,256,6,11.9003,1889522388
spline32,256,6,11.2396,1889522388
spline32,256,7,11.2900,1889522388
splus8,256,7,2.9633,1889522388
sorted_array,256,7,4.3259,1889522388
clusterjump,256,7,5.9875,1889522388
splus16,256,7,2.8214,1889522388
btree8_bl,256,7,11.9736,1889522388
splus16,256,8,3.7918,1889522388
spline32,256,8,11.4059,1889522388
splus8,256,8,2.8473,1889522388
btree8_bl,256,8,11.8668,1889522388
sorted_array,256,8,4.3472,1889522388
clusterjump,256,8,5.9341,1889522388
clusterjump,256,9,6.0379,1889522388
splus16,256,9,2.8107,1889522388
spline32,256,9,11.2183,1889522388
btree8_bl,256,9,12.5076,1889522388
sorted_array,256,9,4.3579,1889522388
splus8,256,9,2.8412,1889522388
splus8,256,10,2.8336,1889522388
spline32,256,10,11.1649,1889522388
splus16,256,10,2.8214,1889522388
btree8_bl,256,10,12.1964,1889522388
sorted_array,256,10,4.3182,1889522388
clusterjump,256,10,5.9418,1889522388
splus8,256,11,2.8152,1889522388
spline32,256,11,10.7742,1889522388
sorted_array,256,11,4.3213,1889522388
splus16,256,11,2.7847,1889522388
clusterjump,256,11,5.9250,1889522388
btree8_bl,256,11,12.0911,1889522388
splus8,256,12,2.8183,1889522388
spline32,256,12,10.6842,1889522388
splus16,256,12,2.8244,1889522388
btree8_bl,256,12,11.8973,1889522388
sorted_array,256,12,4.3167,1889522388
clusterjump,256,12,5.8670,1889522388
clusterjump,256,13,5.8411,1889522388
splus16,256,13,2.7924,1889522388
splus8,256,13,2.8656,1889522388
btree8_bl,256,13,11.9751,1889522388
sorted_array,256,13,4.3594,1889522388
spline32,256,13,11.2579,1889522388
clusterjump,256,14,5.8990,1889522388
splus16,256,14,2.8320,1889522388
spline32,256,14,11.2411,1889522388
btree8_bl,256,14,11.9003,1889522388
splus8,256,14,2.8549,1889522388
sorted_array,256,14,4.3243,1889522388
splus8,512,0,2.8534,1999883038
sorted_array,512,0,4.9438,1999883038
clusterjump,512,0,5.5786,1999883038
spline32,512,0,11.2640,1999883038
splus16,512,0,4.7089,1999883038
btree8_bl,512,0,9.1293,1999883038
clusterjump,512,1,5.6946,1999883038
spline32,512,1,11.1404,1999883038
sorted_array,512,1,5.0385,1999883038
btree8_bl,512,1,9.0347,1999883038
splus8,512,1,2.8366,1999883038
splus16,512,1,4.8462,1999883038
clusterjump,512,2,5.5634,1999883038
splus8,512,2,2.8488,1999883038
sorted_array,512,2,5.0217,1999883038
splus16,512,2,4.8737,1999883038
spline32,512,2,10.8276,1999883038
btree8_bl,512,2,8.9615,1999883038
splus16,512,3,4.8660,1999883038
splus8,512,3,2.8183,1999883038
sorted_array,512,3,5.0278,1999883038
spline32,512,3,12.1078,1999883038
clusterjump,512,3,5.6870,1999883038
btree8_bl,512,3,8.9081,1999883038
sorted_array,512,4,5.0430,1999883038
clusterjump,512,4,5.5069,1999883038
spline32,512,4,10.8139,1999883038
splus16,512,4,4.8660,1999883038
btree8_bl,512,4,8.8760,1999883038
splus8,512,4,2.8152,1999883038
splus8,512,5,2.8137,1999883038
splus16,512,5,4.8660,1999883038
spline32,512,5,11.2473,1999883038
sorted_array,512,5,5.3268,1999883038
btree8_bl,512,5,8.9157,1999883038
clusterjump,512,5,5.4810,1999883038
clusterjump,512,6,5.5130,1999883038
splus16,512,6,4.8737,1999883038
sorted_array,512,6,5.0293,1999883038
spline32,512,6,11.3419,1999883038
btree8_bl,512,6,8.8089,1999883038
splus8,512,6,2.8458,1999883038
splus16,512,7,4.9011,1999883038
clusterjump,512,7,5.4245,1999883038
splus8,512,7,2.8381,1999883038
sorted_array,512,7,5.0262,1999883038
spline32,512,7,11.2457,1999883038
btree8_bl,512,7,8.8486,1999883038
splus16,512,8,4.8645,1999883038
splus8,512,8,2.8214,1999883038
sorted_array,512,8,5.0552,1999883038
btree8_bl,512,8,8.8150,1999883038
spline32,512,8,11.2473,1999883038
clusterjump,512,8,5.4565,1999883038
spline32,512,9,10.8490,1999883038
clusterjump,512,9,5.4810,1999883038
sorted_array,512,9,5.0293,1999883038
btree8_bl,512,9,8.9355,1999883038
splus16,512,9,4.9042,1999883038
splus8,512,9,2.8732,1999883038
splus8,512,10,2.8915,1999883038
clusterjump,512,10,5.5496,1999883038
btree8_bl,512,10,8.9844,1999883038
sorted_array,512,10,5.1315,1999883038
splus16,512,10,4.9530,1999883038
spline32,512,10,11.4594,1999883038
spline32,512,11,10.8673,1999883038
sorted_array,512,11,5.0430,1999883038
splus8,512,11,2.8793,1999883038
clusterjump,512,11,5.4611,1999883038
splus16,512,11,4.8813,1999883038
btree8_bl,512,11,9.0881,1999883038
sorted_array,512,12,5.1025,1999883038
splus16,512,12,4.9454,1999883038
clusterjump,512,12,5.5618,1999883038
spline32,512,12,11.4319,1999883038
splus8,512,12,2.8793,1999883038
btree8_bl,512,12,8.9401,1999883038
splus8,512,13,2.9312,1999883038
splus16,512,13,4.9637,1999883038
btree8_bl,512,13,8.9676,1999883038
sorted_array,512,13,5.1254,1999883038
spline32,512,13,11.4105,1999883038
clusterjump,512,13,5.4596,1999883038
clusterjump,512,14,5.4428,1999883038
splus8,512,14,2.8412,1999883038
spline32,512,14,11.2640,1999883038
splus16,512,14,4.8660,1999883038
sorted_array,512,14,5.0278,1999883038
btree8_bl,512,14,8.7845,1999883038
btree8_bl,1024,0,21.4508,1969512284
splus8,1024,0,4.1702,1969512284
clusterjump,1024,0,3.9948,1969512284
splus16,1024,0,4.8111,1969512284
sorted_array,1024,0,5.6641,1969512284
spline32,1024,0,11.2564,1969512284
btree8_bl,1024,1,21.7209,1969512284
splus16,1024,1,5.0049,1969512284
sorted_array,1024,1,5.8411,1969512284
clusterjump,1024,1,4.0527,1969512284
spline32,1024,1,11.3678,1969512284
splus8,1024,1,4.2206,1969512284
spline32,1024,2,11.2015,1969512284
splus16,1024,2,4.9698,1969512284
sorted_array,1024,2,5.7983,1969512284
btree8_bl,1024,2,22.0490,1969512284
clusterjump,1024,2,3.9948,1969512284
splus8,1024,2,4.1138,1969512284
splus8,1024,3,4.5135,1969512284
sorted_array,1024,3,6.2271,1969512284
btree8_bl,1024,3,21.4447,1969512284
splus16,1024,3,4.8584,1969512284
spline32,1024,3,11.2640,1969512284
clusterjump,1024,3,3.9246,1969512284
sorted_array,1024,4,5.6946,1969512284
splus8,1024,4,4.3518,1969512284
splus16,1024,4,4.8645,1969512284
spline32,1024,4,10.8505,1969512284
btree8_bl,1024,4,21.4233,1969512284
clusterjump,1024,4,3.9215,1969512284
splus8,1024,5,4.4083,1969512284
btree8_bl,1024,5,21.3699,1969512284
clusterjump,1024,5,3.9505,1969512284
spline32,1024,5,11.2289,1969512284
sorted_array,1024,5,5.9433,1969512284
splus16,1024,5,4.8370,1969512284
sorted_array,1024,6,5.7877,1969512284
btree8_bl,1024,6,21.9025,1969512284
splus8,1024,6,4.4327,1969512284
clusterjump,1024,6,3.9810,1969512284
splus16,1024,6,4.9759,1969512284
spline32,1024,6,11.4410,1969512284
btree8_bl,1024,7,21.6248,1969512284
clusterjump,1024,7,3.8864,1969512284
sorted_array,1024,7,5.7465,1969512284
splus16,1024,7,4.8752,1969512284
spline32,1024,7,10.7986,1969512284
splus8,1024,7,4.3549,1969512284
splus16,1024,8,5.6931,1969512284
splus8,1024,8,4.3686,1969512284
btree8_bl,1024,8,21.3837,1969512284
clusterjump,1024,8,4.0344,1969512284
spline32,1024,8,11.2839,1969512284
sorted_array,1024,8,5.6412,1969512284
sorted_array,1024,9,5.7007,1969512284
splus16,1024,9,4.8645,1969512284
clusterjump,1024,9,3.9246,1969512284
btree8_bl,1024,9,21.4584,1969512284
splus8,1024,9,4.2877,1969512284
spline32,1024,9,11.2640,1969512284
clusterjump,1024,10,3.9047,1969512284
splus8,1024,10,4.3808,1969512284
btree8_bl,1024,10,21.8536,1969512284
spline32,1024,10,11.3129,1969512284
sorted_array,1024,10,5.6900,1969512284
splus16,1024,10,4.8615,1969512284
splus8,1024,11,4.3533,1969512284
btree8_bl,1024,11,21.4142,1969512284
spline32,1024,11,11.2976,1969512284
sorted_array,1024,11,5.6335,1969512284
clusterjump,1024,11,3.8544,1969512284
splus16,1024,11,4.8782,1969512284
clusterjump,1024,12,3.9139,1969512284
splus8,1024,12,4.3549,1969512284
spline32,1024,12,11.1206,1969512284
splus16,1024,12,4.8645,1969512284
btree8_bl,1024,12,21.3806,1969512284
sorted_array,1024,12,5.7053,1969512284
splus16,1024,13,4.8737,1969512284
clusterjump,1024,13,3.8696,1969512284
spline32,1024,13,11.2427,1969512284
btree8_bl,1024,13,21.3547,1969512284
sorted_array,1024,13,5.6381,1969512284
splus8,1024,13,4.3655,1969512284
splus16,1024,14,4.8843,1969512284
clusterjump,1024,14,3.8361,1969512284
sorted_array,1024,14,5.6351,1969512284
btree8_bl,1024,14,21.3364,1969512284
spline32,1024,14,11.2320,1969512284
splus8,1024,14,4.5502,1969512284
sorted_array,2048,0,6.4453,216915162
btree8_bl,2048,0,18.6417,216915162
splus8,2048,0,4.3442,216915162
splus16,2048,0,4.8569,216915162
clusterjump,2048,0,4.7394,216915162
spline32,2048,0,11.2717,216915162
sorted_array,2048,1,6.3644,216915162
btree8_bl,2048,1,18.2800,216915162
spline32,2048,1,11.1603,216915162
splus16,2048,1,4.8706,216915162
clusterjump,2048,1,4.1153,216915162
splus8,2048,1,4.4113,216915162
btree8_bl,2048,2,17.9932,216915162
clusterjump,2048,2,4.1443,216915162
sorted_array,2048,2,6.3232,216915162
spline32,2048,2,11.0931,216915162
splus8,2048,2,4.3655,216915162
splus16,2048,2,4.8920,216915162
clusterjump,2048,3,4.1229,216915162
spline32,2048,3,11.1252,216915162
sorted_array,2048,3,6.3293,216915162
splus16,2048,3,4.8615,216915162
btree8_bl,2048,3,18.5287,216915162
splus8,2048,3,4.4296,216915162
btree8_bl,2048,4,18.3807,216915162
sorted_array,2048,4,6.4468,216915162
splus8,2048,4,4.4144,216915162
clusterjump,2048,4,4.0787,216915162
spline32,2048,4,11.2732,216915162
splus16,2048,4,4.9011,216915162
sorted_array,2048,5,6.3293,216915162
splus16,2048,5,4.8920,216915162
clusterjump,2048,5,4.0512,216915162
splus8,2048,5,4.3747,216915162
btree8_bl,2048,5,17.8436,216915162
spline32,2048,5,11.2534,216915162
sorted_array,2048,6,6.3263,216915162
splus8,2048,6,4.2786,216915162
clusterjump,2048,6,3.9917,216915162
spline32,2048,6,11.1954,216915162
splus16,2048,6,4.8798,216915162
btree8_bl,2048,6,17.8940,216915162
splus8,2048,7,4.3503,216915162
spline32,2048,7,10.8002,216915162
sorted_array,2048,7,6.3675,216915162
btree8_bl,2048,7,17.8421,216915162
splus16,2048,7,4.8706,216915162
clusterjump,2048,7,4.1718,216915162
splus8,2048,8,4.3488,216915162
clusterjump,2048,8,4.0451,216915162
sorted_array,2048,8,6.3370,216915162
splus16,2048,8,4.8660,216915162
btree8_bl,2048,8,19.4183,216915162
spline32,2048,8,11.1618,216915162
splus16,2048,9,4.8279,216915162
spline32,2048,9,11.4807,216915162
clusterjump,2048,9,4.2480,216915162
splus8,2048,9,4.4067,216915162
sorted_array,2048,9,6.6162,216915162
btree8_bl,2048,9,19.3314,216915162
splus8,2048,10,4.4830,216915162
btree8_bl,2048,10,18.2678,216915162
clusterjump,2048,10,4.2297,216915162
sorted_array,2048,10,6.4529,216915162
spline32,2048,10,11.5280,216915162
splus16,2048,10,4.9637,216915162
sorted_array,2048,11,6.4789,216915162
splus8,2048,11,4.3594,216915162
splus16,2048,11,4.8843,216915162
clusterjump,2048,11,4.0161,216915162
btree8_bl,2048,11,18.0252,216915162
spline32,2048,11,11.2610,216915162
btree8_bl,2048,12,17.8497,216915162
sorted_array,2048,12,6.4850,216915162
spline32,2048,12,10.9497,216915162
splus8,2048,12,4.4586,216915162
splus16,2048,12,4.9911,216915162
clusterjump,2048,12,4.1168,216915162
sorted_array,2048,13,6.4865,216915162
clusterjump,2048,13,4.1122,216915162
spline32,2048,13,11.7355,216915162
splus16,2048,13,4.9545,216915162
btree8_bl,2048,13,18.2861,216915162
splus8,2048,13,4.4159,216915162
splus8,2048,14,4.3655,216915162
btree8_bl,2048,14,18.2968,216915162
clusterjump,2048,14,4.1428,216915162
splus16,2048,14,4.8492,216915162
sorted_array,2048,14,6.4438,216915162
spline32,2048,14,11.0519,216915162
splus8,4096,0,4.3182,187263032
splus16,4096,0,4.9988,187263032
sorted_array,4096,0,7.2556,187263032
spline32,4096,0,11.4517,187263032
btree8_bl,4096,0,14.0915,187263032
clusterjump,4096,0,3.8513,187263032
btree8_bl,4096,1,13.8062,187263032
splus16,4096,1,5.0034,187263032
spline32,4096,1,11.4609,187263032
clusterjump,4096,1,3.8712,187263032
splus8,4096,1,4.2938,187263032
sorted_array,4096,1,7.2113,187263032
splus8,4096,2,4.5212,187263032
splus16,4096,2,4.7989,187263032
btree8_bl,4096,2,13.7283,187263032
sorted_array,4096,2,7.2083,187263032
spline32,4096,2,11.4716,187263032
clusterjump,4096,2,3.8254,187263032
spline32,4096,3,11.2900,187263032
splus8,4096,3,4.4724,187263032
sorted_array,4096,3,7.6691,187263032
clusterjump,4096,3,3.7964,187263032
splus16,4096,3,5.0339,187263032
btree8_bl,4096,3,13.6292,187263032
btree8_bl,4096,4,13.6353,187263032
spline32,4096,4,10.9833,187263032
splus8,4096,4,4.4739,187263032
clusterjump,4096,4,3.8116,187263032
splus16,4096,4,4.9805,187263032
sorted_array,4096,4,7.2083,187263032
spline32,4096,5,11.0336,187263032
btree8_bl,4096,5,13.5834,187263032
clusterjump,4096,5,3.7125,187263032
splus16,4096,5,4.8660,187263032
sorted_array,4096,5,7.0679,187263032
splus8,4096,5,4.3976,187263032
sorted_array,4096,6,7.1930,187263032
splus16,4096,6,4.9591,187263032
btree8_bl,4096,6,13.5483,187263032
spline32,4096,6,11.3083,187263032
clusterjump,4096,6,3.7689,187263032
splus8,4096,6,4.4724,187263032
btree8_bl,4096,7,13.5696,187263032
clusterjump,4096,7,3.7445,187263032
sorted_array,4096,7,16.9235,187263032
splus8,4096,7,4.9133,187263032
splus16,4096,7,5.0095,187263032
spline32,4096,7,11.4548,187263032
splus16,4096,8,5.0415,187263032
splus8,4096,8,4.3762,187263032
spline32,4096,8,11.0580,187263032
sorted_array,4096,8,7.2144,187263032
btree8_bl,4096,8,13.7817,187263032
clusterjump,4096,8,3.7994,187263032
spline32,4096,9,11.0397,187263032
sorted_array,4096,9,7.2113,187263032
splus8,4096,9,4.4418,187263032
btree8_bl,4096,9,13.6246,187263032
splus16,4096,9,4.9759,187263032
clusterjump,4096,9,3.7674,187263032
spline32,4096,10,15.9515,187263032
btree8_bl,4096,10,13.7222,187263032
clusterjump,4096,10,3.7857,187263032
splus16,4096,10,5.0827,187263032
splus8,4096,10,4.4540,187263032
sorted_array,4096,10,7.2540,187263032
splus8,4096,11,4.4571,187263032
spline32,4096,11,11.5036,187263032
sorted_array,4096,11,7.1564,187263032
clusterjump,4096,11,3.7552,187263032
btree8_bl,4096,11,13.6719,187263032
splus16,4096,11,4.9759,187263032
sorted_array,4096,12,7.2403,187263032
spline32,4096,12,11.4716,187263032
btree8_bl,4096,12,13.9450,187263032
clusterjump,4096,12,3.7567,187263032
splus8,4096,12,4.4815,187263032
splus16,4096,12,4.9728,187263032
clusterjump,4096,13,3.6469,187263032
splus16,4096,13,6.1890,187263032
btree8_bl,4096,13,13.5925,187263032
spline32,4096,13,11.5784,187263032
splus8,4096,13,4.3549,187263032
sorted_array,4096,13,7.1655,187263032
spline32,4096,14,11.1069,187263032
clusterjump,4096,14,3.7201,187263032
splus16,4096,14,5.0278,187263032
sorted_array,4096,14,7.2098,187263032
splus8,4096,14,4.4830,187263032
btree8_bl,4096,14,13.5086,187263032
sorted_array,8192,0,9.1110,69473626
splus16,8192,0,7.2113,69473626
spline32,8192,0,11.8286,69473626
splus8,8192,0,6.0165,69473626
btree8_bl,8192,0,22.3007,69473626
clusterjump,8192,0,4.0741,69473626
splus16,8192,1,7.1884,69473626
splus8,8192,1,5.8609,69473626
sorted_array,8192,1,9.1263,69473626
spline32,8192,1,11.4731,69473626
clusterjump,8192,1,3.9536,69473626
btree8_bl,8192,1,21.6263,69473626
splus16,8192,2,7.2083,69473626
clusterjump,8192,2,4.0131,69473626
splus8,8192,2,6.1172,69473626
spline32,8192,2,11.5524,69473626
btree8_bl,8192,2,21.4096,69473626
sorted_array,8192,2,9.1812,69473626
splus16,8192,3,7.1289,69473626
clusterjump,8192,3,4.0237,69473626
sorted_array,8192,3,9.1309,69473626
btree8_bl,8192,3,21.4310,69473626
splus8,8192,3,5.9189,69473626
spline32,8192,3,11.7783,69473626
clusterjump,8192,4,3.9856,69473626
btree8_bl,8192,4,21.4737,69473626
splus16,8192,4,7.1701,69473626
sorted_array,8192,4,9.1904,69473626
splus8,8192,4,5.9540,69473626
spline32,8192,4,12.0026,69473626
clusterjump,8192,5,4.0970,69473626
sorted_array,8192,5,9.1553,69473626
splus8,8192,5,5.9982,69473626
spline32,8192,5,11.6455,69473626
splus16,8192,5,7.3822,69473626
btree8_bl,8192,5,21.6110,69473626
spline32,8192,6,11.8988,69473626
splus16,8192,6,7.1457,69473626
clusterjump,8192,6,4.0939,69473626
splus8,8192,6,6.1493,69473626
sorted_array,8192,6,9.3002,69473626
btree8_bl,8192,6,21.4035,69473626
btree8_bl,8192,7,21.4493,69473626
clusterjump,8192,7,3.9230,69473626
splus16,8192,7,7.2449,69473626
sorted_array,8192,7,9.1232,69473626
spline32,8192,7,11.3174,69473626
splus8,8192,7,5.8868,69473626
clusterjump,8192,8,3.9764,69473626
splus8,8192,8,5.8914,69473626
spline32,8192,8,11.7554,69473626
sorted_array,8192,8,9.0973,69473626
splus16,8192,8,7.2083,69473626
btree8_bl,8192,8,22.3602,69473626
splus8,8192,9,6.0303,69473626
btree8_bl,8192,9,21.2708,69473626
spline32,8192,9,11.7935,69473626
clusterjump,8192,9,3.9642,69473626
sorted_array,8192,9,9.1461,69473626
splus16,8192,9,7.1808,69473626
spline32,8192,10,11.9431,69473626
sorted_array,8192,10,9.2194,69473626
splus8,8192,10,6.0516,69473626
btree8_bl,8192,10,21.5317,69473626
clusterjump,8192,10,3.9948,69473626
splus16,8192,10,7.1701,69473626
sorted_array,8192,11,9.1309,69473626
splus16,8192,11,7.3013,69473626
clusterjump,8192,11,3.9490,69473626
btree8_bl,8192,11,21.2677,69473626
spline32,8192,11,11.6714,69473626
splus8,8192,11,5.8945,69473626
btree8_bl,8192,12,21.3303,69473626
splus16,8192,12,7.6447,69473626
sorted_array,8192,12,9.1019,69473626
splus8,8192,12,6.0730,69473626
spline32,8192,12,11.8134,69473626
clusterjump,8192,12,3.9124,69473626
btree8_bl,8192,13,21.4813,69473626
sorted_array,8192,13,9.1248,69473626
splus8,8192,13,5.8807,69473626
clusterjump,8192,13,3.9337,69473626
splus16,8192,13,7.2174,69473626
spline32,8192,13,11.9537,69473626
splus16,8192,14,7.1930,69473626
sorted_array,8192,14,9.0973,69473626
splus8,8192,14,5.8777,69473626
spline32,8192,14,11.7310,69473626
clusterjump,8192,14,3.8986,69473626
btree8_bl,8192,14,21.5286,69473626
clusterjump,16384,0,4.2221,2116757420
splus16,16384,0,7.3288,2116757420
btree8_bl,16384,0,27.2797,2116757420
sorted_array,16384,0,11.9827,2116757420
splus8,16384,0,5.9845,2116757420
spline32,16384,0,14.7568,2116757420
clusterjump,16384,1,4.1473,2116757420
spline32,16384,1,14.7430,2116757420
splus8,16384,1,5.9784,2116757420
btree8_bl,16384,1,27.3483,2116757420
sorted_array,16384,1,11.8896,2116757420
splus16,16384,1,7.5211,2116757420
sorted_array,16384,2,11.9278,2116757420
spline32,16384,2,14.6851,2116757420
clusterjump,16384,2,4.0390,2116757420
splus8,16384,2,6.0196,2116757420
splus16,16384,2,7.3013,2116757420
btree8_bl,16384,2,28.4531,2116757420
splus16,16384,3,7.2784,2116757420
sorted_array,16384,3,12.3489,2116757420
btree8_bl,16384,3,27.2125,2116757420
splus8,16384,3,5.9967,2116757420
clusterjump,16384,3,4.1061,2116757420
spline32,16384,3,14.5538,2116757420
splus16,16384,4,7.2998,2116757420
clusterjump,16384,4,4.0756,2116757420
splus8,16384,4,5.9921,2116757420
btree8_bl,16384,4,26.9501,2116757420
spline32,16384,4,14.6332,2116757420
sorted_array,16384,4,11.8271,2116757420
splus8,16384,5,6.1676,2116757420
btree8_bl,16384,5,26.8112,2116757420
clusterjump,16384,5,4.0512,2116757420
sorted_array,16384,5,11.9415,2116757420
spline32,16384,5,14.5386,2116757420
splus16,16384,5,7.2861,2116757420
sorted_array,16384,6,11.8652,2116757420
splus8,16384,6,6.0059,2116757420
splus16,16384,6,7.2479,2116757420
clusterjump,16384,6,4.0558,2116757420
spline32,16384,6,14.5050,2116757420
btree8_bl,16384,6,27.6321,2116757420
splus16,16384,7,7.3349,2116757420
spline32,16384,7,14.5645,2116757420
sorted_array,16384,7,11.9080,2116757420
btree8_bl,16384,7,27.4704,2116757420
splus8,16384,7,5.9937,2116757420
clusterjump,16384,7,4.0955,2116757420
sorted_array,16384,8,11.8805,2116757420
clusterjump,16384,8,4.0543,2116757420
splus8,16384,8,5.9708,2116757420
splus16,16384,8,7.2739,2116757420
btree8_bl,16384,8,27.1606,2116757420
spline32,16384,8,14.6957,2116757420
splus16,16384,9,7.2296,2116757420
splus8,16384,9,5.9662,2116757420
clusterjump,16384,9,4.5563,2116757420
spline32,16384,9,14.9719,2116757420
sorted_array,16384,9,11.9064,2116757420
btree8_bl,16384,9,27.0569,2116757420
splus16,16384,10,7.2266,2116757420
splus8,16384,10,6.0516,2116757420
btree8_bl,16384,10,26.8127,2116757420
sorted_array,16384,10,12.0758,2116757420
clusterjump,16384,10,4.0253,2116757420
spline32,16384,10,14.5493,2116757420
spline32,16384,11,14.6545,2116757420
clusterjump,16384,11,4.0375,2116757420
splus16,16384,11,7.2525,2116757420
sorted_array,16384,11,11.8988,2116757420
splus8,16384,11,5.9067,2116757420
btree8_bl,16384,11,26.6113,2116757420
splus8,16384,12,5.8990,2116757420
sorted_array,16384,12,11.9965,2116757420
spline32,16384,12,15.0528,2116757420
splus16,16384,12,7.4097,2116757420
clusterjump,16384,12,3.9932,2116757420
btree8_bl,16384,12,26.8631,2116757420
btree8_bl,16384,13,27.1118,2116757420
clusterjump,16384,13,3.9749,2116757420
spline32,16384,13,14.6057,2116757420
splus16,16384,13,7.3135,2116757420
splus8,16384,13,5.9464,2116757420
sorted_array,16384,13,11.9827,2116757420
btree8_bl,16384,14,26.6220,2116757420
clusterjump,16384,14,3.9932,2116757420
splus16,16384,14,7.2327,2116757420
spline32,16384,14,14.5462,2116757420
sorted_array,16384,14,11.8652,2116757420
splus8,16384,14,5.9219,2116757420
splus16,32768,0,7.8491,166222483
btree8_bl,32768,0,21.4905,166222483
clusterjump,32768,0,4.3823,166222483
spline32,32768,0,14.9368,166222483
splus8,32768,0,6.3553,166222483
sorted_array,32768,0,15.7211,166222483
spline32,32768,1,15.2863,166222483
clusterjump,32768,1,4.4067,166222483
sorted_array,32768,1,15.6967,166222483
splus16,32768,1,7.6889,166222483
btree8_bl,32768,1,20.9656,166222483
splus8,32768,1,6.3004,166222483
splus16,32768,2,7.5455,166222483
splus8,32768,2,6.2561,166222483
clusterjump,32768,2,4.4067,166222483
sorted_array,32768,2,15.6860,166222483
btree8_bl,32768,2,20.7504,166222483
spline32,32768,2,15.5701,166222483
spline32,32768,3,15.5258,166222483
sorted_array,32768,3,15.6906,166222483
btree8_bl,32768,3,20.8282,166222483
splus16,32768,3,7.7515,166222483
clusterjump,32768,3,4.3182,166222483
splus8,32768,3,6.3690,166222483
spline32,32768,4,14.9948,166222483
splus8,32768,4,6.2195,166222483
sorted_array,32768,4,15.6525,166222483
splus16,32768,4,7.4814,166222483
clusterjump,32768,4,4.1977,166222483
btree8_bl,32768,4,20.7932,166222483
spline32,32768,5,16.5390,166222483
btree8_bl,32768,5,20.7748,166222483
sorted_array,32768,5,15.6967,166222483
splus16,32768,5,7.8094,166222483
clusterjump,32768,5,4.2755,166222483
splus8,32768,5,6.3156,166222483
btree8_bl,32768,6,20.7687,166222483
splus16,32768,6,7.6477,166222483
clusterjump,32768,6,4.2068,166222483
spline32,32768,6,16.3452,166222483
sorted_array,32768,6,15.7104,166222483
splus8,32768,6,6.3538,166222483
spline32,32768,7,15.0299,166222483
btree8_bl,32768,7,20.9122,166222483
clusterjump,32768,7,4.3396,166222483
sorted_array,32768,7,15.6906,166222483
splus16,32768,7,7.5821,166222483
splus8,32768,7,6.3202,166222483
btree8_bl,32768,8,20.8374,166222483
spline32,32768,8,15.3305,166222483
sorted_array,32768,8,15.6738,166222483
splus16,32768,8,7.5302,166222483
splus8,32768,8,6.1707,166222483
clusterjump,32768,8,4.2053,166222483
spline32,32768,9,14.9963,166222483
btree8_bl,32768,9,20.7657,166222483
sorted_array,32768,9,15.6799,166222483
splus16,32768,9,7.5150,166222483
splus8,32768,9,6.1996,166222483
clusterjump,32768,9,4.2587,166222483
splus8,32768,10,6.3507,166222483
btree8_bl,32768,10,20.7596,166222483
splus16,32768,10,7.5653,166222483
clusterjump,32768,10,4.2633,166222483
spline32,32768,10,14.9780,166222483
sorted_array,32768,10,15.6708,166222483
splus8,32768,11,6.2302,166222483
spline32,32768,11,14.9399,166222483
splus16,32768,11,7.4646,166222483
clusterjump,32768,11,4.2328,166222483
sorted_array,32768,11,15.5060,166222483
btree8_bl,32768,11,22.2015,166222483
btree8_bl,32768,12,20.6116,166222483
splus8,32768,12,6.2820,166222483
clusterjump,32768,12,4.2343,166222483
sorted_array,32768,12,15.6601,166222483
splus16,32768,12,7.6523,166222483
spline32,32768,12,14.9719,166222483
clusterjump,32768,13,4.3411,166222483
splus8,32768,13,6.2546,166222483
sorted_array,32768,13,15.6570,166222483
btree8_bl,32768,13,20.7275,166222483
spline32,32768,13,15.0787,166222483
splus16,32768,13,7.6248,166222483
btree8_bl,32768,14,20.6375,166222483
splus8,32768,14,6.2210,166222483
clusterjump,32768,14,4.1855,166222483
splus16,32768,14,7.5516,166222483
sorted_array,32768,14,15.6845,166222483
spline32,32768,14,15.1154,166222483
splus16,65536,0,7.9758,101286489
spline32,65536,0,16.0629,101286489
btree8_bl,65536,0,25.5188,101286489
clusterjump,65536,0,4.6951,101286489
sorted_array,65536,0,21.0861,101286489
splus8,65536,0,9.4238,101286489
splus16,65536,1,8.1238,101286489
spline32,65536,1,15.9805,101286489
sorted_array,65536,1,20.2087,101286489
clusterjump,65536,1,4.8096,101286489
btree8_bl,65536,1,23.8419,101286489
splus8,65536,1,8.6029,101286489
btree8_bl,65536,2,22.4167,101286489
clusterjump,65536,2,4.8523,101286489
splus16,65536,2,8.4518,101286489
sorted_array,65536,2,20.5246,101286489
spline32,65536,2,15.9180,101286489
splus8,65536,2,8.4595,101286489
btree8_bl,65536,3,22.8027,101286489
spline32,65536,3,16.1102,101286489
splus16,65536,3,8.2520,101286489
splus8,65536,3,8.5495,101286489
sorted_array,65536,3,20.4285,101286489
clusterjump,65536,3,4.9271,101286489
spline32,65536,4,16.0339,101286489
splus8,65536,4,8.3862,101286489
splus16,65536,4,8.0597,101286489
clusterjump,65536,4,4.6570,101286489
btree8_bl,65536,4,22.7493,101286489
sorted_array,65536,4,20.8496,101286489
btree8_bl,65536,5,22.3465,101286489
clusterjump,65536,5,4.8996,101286489
spline32,65536,5,16.0324,101286489
splus16,65536,5,8.2687,101286489
splus8,65536,5,8.8806,101286489
sorted_array,65536,5,20.6924,101286489
spline32,65536,6,15.8569,101286489
btree8_bl,65536,6,22.8455,101286489
splus16,65536,6,8.0505,101286489
splus8,65536,6,8.5999,101286489
clusterjump,65536,6,4.7455,101286489
sorted_array,65536,6,20.2438,101286489
btree8_bl,65536,7,22.6212,101286489
splus8,65536,7,8.4137,101286489
splus16,65536,7,7.9971,101286489
sorted_array,65536,7,20.2011,101286489
clusterjump,65536,7,4.6829,101286489
spline32,65536,7,15.9256,101286489
spline32,65536,8,15.7257,101286489
btree8_bl,65536,8,23.2056,101286489
splus16,65536,8,8.0688,101286489
sorted_array,65536,8,20.2179,101286489
splus8,65536,8,8.5892,101286489
clusterjump,65536,8,4.7745,101286489
spline32,65536,9,15.8218,101286489
sorted_array,65536,9,20.3384,101286489
splus16,65536,9,8.0292,101286489
clusterjump,65536,9,4.6631,101286489
splus8,65536,9,8.4976,101286489
btree8_bl,65536,9,24.6048,101286489
clusterjump,65536,10,4.7073,101286489
btree8_bl,65536,10,22.4411,101286489
spline32,65536,10,15.9103,101286489
sorted_array,65536,10,20.2988,101286489
splus16,65536,10,8.4732,101286489
splus8,65536,10,8.6411,101286489
btree8_bl,65536,11,23.1171,101286489
splus8,65536,11,8.3588,101286489
clusterjump,65536,11,4.8004,101286489
splus16,65536,11,8.7006,101286489
spline32,65536,11,16.0431,101286489
sorted_array,65536,11,20.4086,101286489
clusterjump,65536,12,4.6738,101286489
btree8_bl,65536,12,22.6959,101286489
spline32,65536,12,15.6403,101286489
splus8,65536,12,8.5617,101286489
splus16,65536,12,7.9895,101286489
sorted_array,65536,12,20.2713,101286489
btree8_bl,65536,13,22.5571,101286489
clusterjump,65536,13,4.6829,101286489
splus8,65536,13,8.5434,101286489
splus16,65536,13,7.9910,101286489
spline32,65536,13,15.6662,101286489
sorted_array,65536,13,20.6757,101286489
sorted_array,65536,14,20.2011,101286489
splus16,65536,14,7.9651,101286489
spline32,65536,14,15.5807,101286489
btree8_bl,65536,14,22.5555,101286489
splus8,65536,14,8.4808,101286489
clusterjump,65536,14,4.6402,101286489
spline32,131072,0,17.1890,2079082302
splus16,131072,0,13.2507,2079082302
splus8,131072,0,11.0138,2079082302
clusterjump,131072,0,5.2673,2079082302
btree8_bl,131072,0,41.8594,2079082302
sorted_array,131072,0,27.4902,2079082302
btree8_bl,131072,1,41.4703,2079082302
sorted_array,131072,1,26.5228,2079082302
clusterjump,131072,1,5.4062,2079082302
splus16,131072,1,11.8927,2079082302
splus8,131072,1,9.9991,2079082302
spline32,131072,1,17.0883,2079082302
sorted_array,131072,2,26.6541,2079082302
spline32,131072,2,16.5298,2079082302
splus16,131072,2,11.5341,2079082302
splus8,131072,2,9.3124,2079082302
btree8_bl,131072,2,42.2150,2079082302
clusterjump,131072,2,5.5389,2079082302
spline32,131072,3,18.0923,2079082302
splus8,131072,3,9.5749,2079082302
sorted_array,131072,3,26.9836,2079082302
clusterjump,131072,3,5.2490,2079082302
splus16,131072,3,11.8423,2079082302
btree8_bl,131072,3,42.0959,2079082302
clusterjump,131072,4,5.2216,2079082302
btree8_bl,131072,4,40.4083,2079082302
spline32,131072,4,16.7618,2079082302
splus8,131072,4,9.7855,2079082302
sorted_array,131072,4,26.2207,2079082302
splus16,131072,4,11.6089,2079082302
spline32,131072,5,17.2348,2079082302
btree8_bl,131072,5,41.5741,2079082302
splus16,131072,5,11.7401,2079082302
clusterjump,131072,5,5.7083,2079082302
splus8,131072,5,9.8633,2079082302
sorted_array,131072,5,26.6846,2079082302
spline32,131072,6,16.8854,2079082302
splus16,131072,6,11.3663,2079082302
clusterjump,131072,6,5.2322,2079082302
sorted_array,131072,6,26.1978,2079082302
btree8_bl,131072,6,40.5869,2079082302
splus8,131072,6,9.1400,2079082302
sorted_array,131072,7,26.2146,2079082302
splus8,131072,7,8.6411,2079082302
btree8_bl,131072,7,40.3824,2079082302
clusterjump,131072,7,5.2216,2079082302
spline32,131072,7,16.6473,2079082302
splus16,131072,7,11.4960,2079082302
splus8,131072,8,9.1492,2079082302
btree8_bl,131072,8,39.6362,2079082302
sorted_array,131072,8,26.4496,2079082302
splus16,131072,8,11.2640,2079082302
spline32,131072,8,16.6290,2079082302
clusterjump,131072,8,5.1910,2079082302
sorted_array,131072,9,26.1871,2079082302
splus8,131072,9,10.1715,2079082302
splus16,131072,9,11.3556,2079082302
clusterjump,131072,9,5.0537,2079082302
btree8_bl,131072,9,41.1865,2079082302
spline32,131072,9,16.7404,2079082302
clusterjump,131072,10,5.1865,2079082302
splus16,131072,10,11.5280,2079082302
sorted_array,131072,10,26.2482,2079082302
btree8_bl,131072,10,39.4562,2079082302
spline32,131072,10,16.6901,2079082302
splus8,131072,10,9.4116,2079082302
splus16,131072,11,11.3876,2079082302
spline32,131072,11,16.5192,2079082302
splus8,131072,11,9.0652,2079082302
clusterjump,131072,11,5.1682,2079082302
sorted_array,131072,11,26.2695,2079082302
btree8_bl,131072,11,43.9575,2079082302
splus8,131072,12,10.9558,2079082302
btree8_bl,131072,12,41.3986,2079082302
clusterjump,131072,12,6.4850,2079082302
splus16,131072,12,13.6810,2079082302
spline32,131072,12,17.8513,2079082302
sorted_array,131072,12,27.4948,2079082302
clusterjump,131072,13,6.2820,2079082302
splus8,131072,13,12.6770,2079082302
btree8_bl,131072,13,52.3895,2079082302
spline32,131072,13,17.9642,2079082302
splus16,131072,13,16.6229,2079082302
sorted_array,131072,13,28.4592,2079082302
sorted_array,131072,14,26.3153,2079082302
clusterjump,131072,14,6.5750,2079082302
splus16,131072,14,13.0646,2079082302
spline32,131072,14,17.3569,2079082302
splus8,131072,14,14.0289,2079082302
btree8_bl,131072,14,51.4175,2079082302
splus16,262144,0,18.9178,2049337765
clusterjump,262144,0,6.1554,2049337765
btree8_bl,262144,0,52.7802,2049337765
spline32,262144,0,24.4690,2049337765
splus8,262144,0,23.1964,2049337765
sorted_array,262144,0,39.5325,2049337765
spline32,262144,1,23.9319,2049337765
splus8,262144,1,16.8701,2049337765
splus16,262144,1,24.2737,2049337765
sorted_array,262144,1,34.2621,2049337765
btree8_bl,262144,1,49.9771,2049337765
clusterjump,262144,1,12.1811,2049337765
spline32,262144,2,24.8856,2049337765
clusterjump,262144,2,8.8470,2049337765
splus8,262144,2,19.4885,2049337765
btree8_bl,262144,2,41.2277,2049337765
splus16,262144,2,24.0875,2049337765
sorted_array,262144,2,37.1536,2049337765
splus8,262144,3,20.0714,2049337765
splus16,262144,3,22.5861,2049337765
clusterjump,262144,3,12.0026,2049337765
sorted_array,262144,3,36.6135,2049337765
spline32,262144,3,25.0748,2049337765
btree8_bl,262144,3,50.9964,2049337765
btree8_bl,262144,4,32.8964,2049337765
spline32,262144,4,24.5834,2049337765
splus8,262144,4,21.7682,2049337765
clusterjump,262144,4,11.6211,2049337765
sorted_array,262144,4,37.3276,2049337765
splus16,262144,4,23.8358,2049337765
splus8,262144,5,16.2598,2049337765
clusterjump,262144,5,10.1318,2049337765
spline32,262144,5,24.9420,2049337765
splus16,262144,5,14.0091,2049337765
btree8_bl,262144,5,50.2716,2049337765
sorted_array,262144,5,36.8393,2049337765
btree8_bl,262144,6,34.0408,2049337765
sorted_array,262144,6,34.2224,2049337765
spline32,262144,6,24.0280,2049337765
clusterjump,262144,6,9.4742,2049337765
splus16,262144,6,20.0134,2049337765
splus8,262144,6,20.4605,2049337765
spline32,262144,7,23.9792,2049337765
sorted_array,262144,7,35.3546,2049337765
clusterjump,262144,7,8.9447,2049337765
btree8_bl,262144,7,43.1763,2049337765
splus16,262144,7,19.9356,2049337765
splus8,262144,7,16.2003,2049337765
splus8,262144,8,9.2499,2049337765
clusterjump,262144,8,9.5520,2049337765
spline32,262144,8,22.8729,2049337765
splus16,262144,8,16.0004,2049337765
btree8_bl,262144,8,46.8765,2049337765
sorted_array,262144,8,35.8414,2049337765
sorted_array,262144,9,31.9305,2049337765
clusterjump,262144,9,10.7071,2049337765
btree8_bl,262144,9,36.9385,2049337765
spline32,262144,9,22.8714,2049337765
splus16,262144,9,19.7189,2049337765
splus8,262144,9,19.4443,2049337765
sorted_array,262144,10,35.6339,2049337765
spline32,262144,10,23.6343,2049337765
btree8_bl,262144,10,40.9134,2049337765
splus8,262144,10,14.3326,2049337765
clusterjump,262144,10,9.7672,2049337765
splus16,262144,10,20.5170,2049337765
btree8_bl,262144,11,34.6695,2049337765
splus16,262144,11,18.1717,2049337765
spline32,262144,11,22.8470,2049337765
splus8,262144,11,15.5411,2049337765
sorted_array,262144,11,36.8088,2049337765
clusterjump,262144,11,9.4254,2049337765
sorted_array,262144,12,33.1802,2049337765
btree8_bl,262144,12,43.4769,2049337765
splus8,262144,12,16.9037,2049337765
splus16,262144,12,19.6487,2049337765
spline32,262144,12,24.4568,2049337765
clusterjump,262144,12,9.4360,2049337765
sorted_array,262144,13,34.6008,2049337765
btree8_bl,262144,13,42.4698,2049337765
clusterjump,262144,13,9.4513,2049337765
spline32,262144,13,23.0377,2049337765
splus16,262144,13,20.5444,2049337765
splus8,262144,13,18.5181,2049337765
splus8,262144,14,9.2163,2049337765
btree8_bl,262144,14,40.9470,2049337765
spline32,262144,14,22.5800,2049337765
sorted_array,262144,14,35.4996,2049337765
splus16,262144,14,18.4937,2049337765
clusterjump,262144,14,9.3735,2049337765
splus16,524288,0,26.0773,2015356999
splus8,524288,0,29.9042,2015356999
sorted_array,524288,0,58.8837,2015356999
spline32,524288,0,29.8096,2015356999
btree8_bl,524288,0,42.0105,2015356999
clusterjump,524288,0,17.2073,2015356999
btree8_bl,524288,1,29.5532,2015356999
sorted_array,524288,1,55.3543,2015356999
splus8,524288,1,33.0032,2015356999
clusterjump,524288,1,13.3270,2015356999
spline32,524288,1,28.5629,2015356999
splus16,524288,1,31.5887,2015356999
splus16,524288,2,13.8901,2015356999
btree8_bl,524288,2,46.7590,2015356999
splus8,524288,2,32.8903,2015356999
spline32,524288,2,28.8696,2015356999
sorted_array,524288,2,58.5617,2015356999
clusterjump,524288,2,17.9459,2015356999
clusterjump,524288,3,6.5872,2015356999
btree8_bl,524288,3,41.0065,2015356999
splus8,524288,3,32.6538,2015356999
splus16,524288,3,35.3622,2015356999
sorted_array,524288,3,59.0042,2015356999
spline32,524288,3,30.5420,2015356999
splus8,524288,4,34.3063,2015356999
sorted_array,524288,4,53.9734,2015356999
spline32,524288,4,26.1185,2015356999
splus16,524288,4,34.3094,2015356999
clusterjump,524288,4,17.8680,2015356999
btree8_bl,524288,4,44.5175,2015356999
sorted_array,524288,5,55.5298,2015356999
splus8,524288,5,31.5933,2015356999
btree8_bl,524288,5,31.1783,2015356999
splus16,524288,5,29.3076,2015356999
spline32,524288,5,28.3417,2015356999
clusterjump,524288,5,13.8565,2015356999
splus16,524288,6,19.0491,2015356999
btree8_bl,524288,6,34.5505,2015356999
spline32,524288,6,24.9756,2015356999
splus8,524288,6,27.4673,2015356999
clusterjump,524288,6,12.3734,2015356999
sorted_array,524288,6,56.6925,2015356999
clusterjump,524288,7,7.5272,2015356999
splus8,524288,7,18.8065,2015356999
sorted_array,524288,7,53.1281,2015356999
spline32,524288,7,25.7568,2015356999
btree8_bl,524288,7,36.8088,2015356999
splus16,524288,7,27.6855,2015356999
splus8,524288,8,21.9681,2015356999
btree8_bl,524288,8,30.8090,2015356999
clusterjump,524288,8,13.1424,2015356999
splus16,524288,8,22.9706,2015356999
sorted_array,524288,8,57.1060,2015356999
spline32,524288,8,27.3682,2015356999
splus8,524288,9,29.3121,2015356999
clusterjump,524288,9,12.4542,2015356999
btree8_bl,524288,9,38.2736,2015356999
sorted_array,524288,9,54.7119,2015356999
splus16,524288,9,30.6641,2015356999
spline32,524288,9,29.3228,2015356999
sorted_array,524288,10,52.0416,2015356999
splus16,524288,10,21.5530,2015356999
splus8,524288,10,33.1177,2015356999
clusterjump,524288,10,16.9296,2015356999
btree8_bl,524288,10,41.8121,2015356999
spline32,524288,10,26.9272,2015356999
splus8,524288,11,22.4640,2015356999
clusterjump,524288,11,10.5484,2015356999
spline32,524288,11,23.6023,2015356999
splus16,524288,11,29.6341,2015356999
sorted_array,524288,11,57.8415,2015356999
btree8_bl,524288,11,41.6458,2015356999
splus16,524288,12,19.9661,2015356999
splus8,524288,12,29.3365,2015356999
spline32,524288,12,29.4571,2015356999
btree8_bl,524288,12,31.7383,2015356999
clusterjump,524288,12,15.1886,2015356999
sorted_array,524288,12,56.7505,2015356999
spline32,524288,13,29.6448,2015356999
sorted_array,524288,13,52.0309,2015356999
clusterjump,524288,13,10.3928,2015356999
btree8_bl,524288,13,39.1113,2015356999
splus8,524288,13,33.5388,2015356999
splus16,524288,13,35.1486,2015356999
spline32,524288,14,27.9984,2015356999
btree8_bl,524288,14,33.4091,2015356999
splus16,524288,14,19.3237,2015356999
splus8,524288,14,24.1974,2015356999
sorted_array,524288,14,58.9233,2015356999
clusterjump,524288,14,17.0731,2015356999
spline32,1048576,0,29.1580,79937916
splus16,1048576,0,38.2645,79937916
splus8,1048576,0,41.9052,79937916
btree8_bl,1048576,0,119.3481,79937916
sorted_array,1048576,0,97.5113,79937916
clusterjump,1048576,0,23.6771,79937916
clusterjump,1048576,1,8.8730,79937916
splus16,1048576,1,43.1320,79937916
spline32,1048576,1,40.5380,79937916
sorted_array,1048576,1,93.8950,79937916
splus8,1048576,1,44.7433,79937916
btree8_bl,1048576,1,122.4564,79937916
clusterjump,1048576,2,24.3576,79937916
splus8,1048576,2,44.7540,79937916
sorted_array,1048576,2,97.9919,79937916
splus16,1048576,2,44.3787,79937916
btree8_bl,1048576,2,117.3569,79937916
spline32,1048576,2,36.1816,79937916
btree8_bl,1048576,3,101.2009,79937916
splus16,1048576,3,45.5429,79937916
clusterjump,1048576,3,23.7381,79937916
spline32,1048576,3,34.8511,79937916
splus8,1048576,3,44.2703,79937916
sorted_array,1048576,3,99.6765,79937916
btree8_bl,1048576,4,115.1459,79937916
spline32,1048576,4,35.0342,79937916
splus16,1048576,4,57.9819,79937916
clusterjump,1048576,4,24.3256,79937916
sorted_array,1048576,4,99.4431,79937916
splus8,1048576,4,43.5608,79937916
spline32,1048576,5,39.0717,79937916
btree8_bl,1048576,5,117.2455,79937916
sorted_array,1048576,5,96.7392,79937916
splus16,1048576,5,43.3029,79937916
clusterjump,1048576,5,24.1669,79937916
splus8,1048576,5,45.4346,79937916
btree8_bl,1048576,6,115.1260,79937916
splus16,1048576,6,42.5476,79937916
spline32,1048576,6,40.0894,79937916
clusterjump,1048576,6,22.9584,79937916
sorted_array,1048576,6,98.5535,79937916
splus8,1048576,6,43.2419,79937916
clusterjump,1048576,7,17.0792,79937916
splus8,1048576,7,21.3684,79937916
spline32,1048576,7,36.2915,79937916
sorted_array,1048576,7,90.7120,79937916
splus16,1048576,7,42.6804,79937916
btree8_bl,1048576,7,117.7536,79937916
spline32,1048576,8,38.5284,79937916
btree8_bl,1048576,8,100.5768,79937916
sorted_array,1048576,8,97.0352,79937916
clusterjump,1048576,8,23.7762,79937916
splus16,1048576,8,44.4901,79937916
splus8,1048576,8,43.0893,79937916
btree8_bl,1048576,9,117.2195,79937916
clusterjump,1048576,9,23.4695,79937916
sorted_array,1048576,9,96.0861,79937916
spline32,1048576,9,34.3567,79937916
splus16,1048576,9,44.0079,79937916
splus8,1048576,9,45.0272,79937916
clusterjump,1048576,10,22.1024,79937916
splus16,1048576,10,32.1716,79937916
btree8_bl,1048576,10,114.4867,79937916
splus8,1048576,10,42.8543,79937916
spline32,1048576,10,41.0782,79937916
sorted_array,1048576,10,94.8456,79937916
spline32,1048576,11,28.2455,79937916
btree8_bl,1048576,11,115.8218,79937916
clusterjump,1048576,11,24.1196,79937916
sorted_array,1048576,11,95.8466,79937916
splus8,1048576,11,42.9810,79937916
splus16,1048576,11,42.2821,79937916
btree8_bl,1048576,12,114.6652,79937916
sorted_array,1048576,12,98.0545,79937916
splus8,1048576,12,42.3859,79937916
clusterjump,1048576,12,31.5430,79937916
spline32,1048576,12,40.5167,79937916
splus16,1048576,12,45.5658,79937916
clusterjump,1048576,13,23.0484,79937916
spline32,1048576,13,37.4191,79937916
splus8,1048576,13,45.3156,79937916
btree8_bl,1048576,13,120.4102,79937916
sorted_array,1048576,13,98.9334,79937916
splus16,1048576,13,43.9667,79937916
spline32,1048576,14,36.9858,79937916
sorted_array,1048576,14,90.4495,79937916
clusterjump,1048576,14,22.5433,79937916
btree8_bl,1048576,14,117.6483,79937916
splus8,1048576,14,44.7189,79937916
splus16,1048576,14,43.7515,79937916
sorted_array,2097152,0,135.2158,2088042188
splus16,2097152,0,56.2866,2088042188
clusterjump,2097152,0,26.6342,2088042188
splus8,2097152,0,54.4586,2088042188
btree8_bl,2097152,0,112.2559,2088042188
spline32,2097152,0,48.9609,2088042188
btree8_bl,2097152,1,102.0325,2088042188
splus16,2097152,1,61.1725,2088042188
sorted_array,2097152,1,131.0593,2088042188
clusterjump,2097152,1,28.8391,2088042188
spline32,2097152,1,49.7787,2088042188
splus8,2097152,1,54.2068,2088042188
btree8_bl,2097152,2,109.7046,2088042188
splus16,2097152,2,58.6121,2088042188
splus8,2097152,2,53.5583,2088042188
spline32,2097152,2,55.1559,2088042188
clusterjump,2097152,2,29.5166,2088042188
sorted_array,2097152,2,129.7913,2088042188
splus8,2097152,3,52.8946,2088042188
splus16,2097152,3,57.1793,2088042188
sorted_array,2097152,3,120.7138,2088042188
spline32,2097152,3,48.0591,2088042188
btree8_bl,2097152,3,110.5087,2088042188
clusterjump,2097152,3,29.4861,2088042188
btree8_bl,2097152,4,93.8187,2088042188
clusterjump,2097152,4,24.5178,2088042188
spline32,2097152,4,51.7181,2088042188
splus8,2097152,4,53.3600,2088042188
sorted_array,2097152,4,133.9539,2088042188
splus16,2097152,4,56.3705,2088042188
clusterjump,2097152,5,29.5334,2088042188
spline32,2097152,5,49.4446,2088042188
btree8_bl,2097152,5,112.0361,2088042188
sorted_array,2097152,5,131.9260,2088042188
splus8,2097152,5,53.6591,2088042188
splus16,2097152,5,58.4045,2088042188
btree8_bl,2097152,6,109.5978,2088042188
clusterjump,2097152,6,29.5792,2088042188
spline32,2097152,6,55.3345,2088042188
splus8,2097152,6,53.1708,2088042188
splus16,2097152,6,56.3431,2088042188
sorted_array,2097152,6,136.9537,2088042188
splus8,2097152,7,49.8123,2088042188
splus16,2097152,7,53.7125,2088042188
sorted_array,2097152,7,121.8033,2088042188
btree8_bl,2097152,7,112.2467,2088042188
spline32,2097152,7,50.0549,2088042188
clusterjump,2097152,7,28.4561,2088042188
splus8,2097152,8,54.8920,2088042188
clusterjump,2097152,8,17.9245,2088042188
spline32,2097152,8,46.2830,2088042188
sorted_array,2097152,8,132.5668,2088042188
btree8_bl,2097152,8,112.2421,2088042188
splus16,2097152,8,59.6619,2088042188
sorted_array,2097152,9,131.6559,2088042188
splus8,2097152,9,52.9297,2088042188
splus16,2097152,9,52.8549,2088042188
clusterjump,2097152,9,29.3732,2088042188
btree8_bl,2097152,9,113.0371,2088042188
spline32,2097152,9,48.6725,2088042188
sorted_array,2097152,10,132.0847,2088042188
btree8_bl,2097152,10,109.2560,2088042188
splus16,2097152,10,58.7997,2088042188
spline32,2097152,10,49.2859,2088042188
splus8,2097152,10,54.3976,2088042188
clusterjump,2097152,10,30.7007,2088042188
splus16,2097152,11,55.8838,2088042188
splus8,2097152,11,42.3416,2088042188
btree8_bl,2097152,11,111.8912,2088042188
spline32,2097152,11,54.4861,2088042188
clusterjump,2097152,11,29.5944,2088042188
sorted_array,2097152,11,131.4590,2088042188
spline32,2097152,12,51.7273,2088042188
splus16,2097152,12,56.6818,2088042188
sorted_array,2097152,12,129.1367,2088042188
clusterjump,2097152,12,28.4821,2088042188
splus8,2097152,12,53.9627,2088042188
btree8_bl,2097152,12,110.8719,2088042188
splus8,2097152,13,40.3152,2088042188
clusterjump,2097152,13,28.4836,2088042188
sorted_array,2097152,13,129.6173,2088042188
splus16,2097152,13,56.1340,2088042188
btree8_bl,2097152,13,109.5383,2088042188
spline32,2097152,13,50.2625,2088042188
btree8_bl,2097152,14,100.0336,2088042188
spline32,2097152,14,54.5670,2088042188
clusterjump,2097152,14,29.7958,2088042188
splus8,2097152,14,53.1754,2088042188
sorted_array,2097152,14,137.8510,2088042188
splus16,2097152,14,57.3578,2088042188
btree8_bl,4194304,0,116.3574,168042284
splus8,4194304,0,68.6874,168042284
splus16,4194304,0,72.9919,168042284
sorted_array,4194304,0,257.6370,168042284
spline32,4194304,0,88.8168,168042284
clusterjump,4194304,0,39.6255,168042284
clusterjump,4194304,1,23.3749,168042284
splus8,4194304,1,69.2673,168042284
btree8_bl,4194304,1,112.7991,168042284
spline32,4194304,1,81.4163,168042284
splus16,4194304,1,70.9000,168042284
sorted_array,4194304,1,266.5604,168042284
sorted_array,4194304,2,223.3963,168042284
clusterjump,4194304,2,35.5103,168042284
btree8_bl,4194304,2,111.8500,168042284
splus16,4194304,2,67.6193,168042284
spline32,4194304,2,79.8462,168042284
splus8,4194304,2,67.2409,168042284
btree8_bl,4194304,3,115.7364,168042284
splus16,4194304,3,74.8398,168042284
clusterjump,4194304,3,37.2482,168042284
spline32,4194304,3,82.4417,168042284
sorted_array,4194304,3,227.0081,168042284
splus8,4194304,3,65.4205,168042284
splus8,4194304,4,23.2956,168042284
clusterjump,4194304,4,35.4050,168042284
btree8_bl,4194304,4,110.2097,168042284
sorted_array,4194304,4,228.3127,168042284
splus16,4194304,4,65.6403,168042284
spline32,4194304,4,81.2576,168042284
btree8_bl,4194304,5,108.4229,168042284
spline32,4194304,5,77.5681,168042284
sorted_array,4194304,5,228.6270,168042284
splus8,4194304,5,66.6748,168042284
clusterjump,4194304,5,36.1649,168042284
splus16,4194304,5,65.9561,168042284
btree8_bl,4194304,6,105.5756,168042284
splus16,4194304,6,61.9736,168042284
splus8,4194304,6,64.9185,168042284
spline32,4194304,6,76.4496,168042284
sorted_array,4194304,6,233.8791,168042284
clusterjump,4194304,6,36.3449,168042284
clusterjump,4194304,7,16.1469,168042284
sorted_array,4194304,7,221.1197,168042284
splus8,4194304,7,66.3071,168042284
splus16,4194304,7,67.4332,168042284
btree8_bl,4194304,7,105.7144,168042284
spline32,4194304,7,80.7831,168042284
sorted_array,4194304,8,224.2432,168042284
spline32,4194304,8,77.7603,168042284
splus8,4194304,8,65.2771,168042284
splus16,4194304,8,67.5171,168042284
clusterjump,4194304,8,35.3302,168042284
btree8_bl,4194304,8,107.8629,168042284
splus8,4194304,9,64.6454,168042284
btree8_bl,4194304,9,87.5793,168042284
sorted_array,4194304,9,225.0977,168042284
splus16,4194304,9,68.8354,168042284
spline32,4194304,9,75.3159,168042284
clusterjump,4194304,9,35.4248,168042284
sorted_array,4194304,10,226.0040,168042284
spline32,4194304,10,73.4848,168042284
clusterjump,4194304,10,35.6094,168042284
splus8,4194304,10,64.4257,168042284
btree8_bl,4194304,10,106.9733,168042284
splus16,4194304,10,67.8207,168042284
btree8_bl,4194304,11,91.0980,168042284
spline32,4194304,11,79.8264,168042284
splus8,4194304,11,67.8391,168042284
clusterjump,4194304,11,34.8572,168042284
sorted_array,4194304,11,224.4675,168042284
splus16,4194304,11,66.0553,168042284
splus8,4194304,12,64.1373,168042284
sorted_array,4194304,12,222.4594,168042284
spline32,4194304,12,79.1779,168042284
splus16,4194304,12,67.3904,168042284
btree8_bl,4194304,12,106.9260,168042284
clusterjump,4194304,12,38.4430,168042284
splus8,4194304,13,66.6916,168042284
clusterjump,4194304,13,27.6398,168042284
btree8_bl,4194304,13,105.4062,168042284
splus16,4194304,13,65.1718,168042284
spline32,4194304,13,74.6384,168042284
sorted_array,4194304,13,230.1331,168042284
sorted_array,4194304,14,197.8378,168042284
clusterjump,4194304,14,35.8231,168042284
spline32,4194304,14,72.6990,168042284
btree8_bl,4194304,14,108.6670,168042284
splus16,4194304,14,67.0334,168042284
splus8,4194304,14,65.1566,168042284
spline32,8388608,0,86.9598,1881856316
btree8_bl,8388608,0,180.8151,1881856316
sorted_array,8388608,0,418.6264,1881856316
splus8,8388608,0,84.6024,1881856316
splus16,8388608,0,80.3299,1881856316
clusterjump,8388608,0,40.3488,1881856316
spline32,8388608,1,89.4897,1881856316
splus16,8388608,1,79.5425,1881856316
sorted_array,8388608,1,423.9166,1881856316
splus8,8388608,1,84.6161,1881856316
clusterjump,8388608,1,39.7934,1881856316
btree8_bl,8388608,1,176.8066,1881856316
sorted_array,8388608,2,440.3198,1881856316
spline32,8388608,2,92.5827,1881856316
btree8_bl,8388608,2,178.9520,1881856316
splus8,8388608,2,83.5327,1881856316
splus16,8388608,2,73.3871,1881856316
clusterjump,8388608,2,40.1703,1881856316
btree8_bl,8388608,3,177.5223,1881856316
splus16,8388608,3,82.0343,1881856316
splus8,8388608,3,82.4326,1881856316
spline32,8388608,3,92.2653,1881856316
clusterjump,8388608,3,39.3890,1881856316
sorted_array,8388608,3,420.9671,1881856316
spline32,8388608,4,91.2262,1881856316
sorted_array,8388608,4,420.9366,1881856316
btree8_bl,8388608,4,177.5375,1881856316
clusterjump,8388608,4,41.1026,1881856316
splus8,8388608,4,84.1370,1881856316
splus16,8388608,4,77.9510,1881856316
splus8,8388608,5,63.1027,1881856316
splus16,8388608,5,61.9583,1881856316
clusterjump,8388608,5,38.6215,1881856316
btree8_bl,8388608,5,179.4617,1881856316
sorted_array,8388608,5,421.0968,1881856316
spline32,8388608,5,92.1982,1881856316
btree8_bl,8388608,6,176.2848,1881856316
spline32,8388608,6,89.2670,1881856316
splus8,8388608,6,83.1253,1881856316
splus16,8388608,6,76.6541,1881856316
clusterjump,8388608,6,40.6982,1881856316
sorted_array,8388608,6,424.2752,1881856316
splus16,8388608,7,81.8130,1881856316
btree8_bl,8388608,7,184.1583,1881856316
clusterjump,8388608,7,40.3702,1881856316
sorted_array,8388608,7,422.6089,1881856316
splus8,8388608,7,83.4244,1881856316
spline32,8388608,7,91.0233,1881856316
clusterjump,8388608,8,39.3860,1881856316
btree8_bl,8388608,8,177.7664,1881856316
sorted_array,8388608,8,420.7458,1881856316
splus8,8388608,8,82.2113,1881856316
splus16,8388608,8,80.1895,1881856316
spline32,8388608,8,93.3304,1881856316
clusterjump,8388608,9,39.2273,1881856316
splus16,8388608,9,76.6296,1881856316
spline32,8388608,9,91.0507,1881856316
splus8,8388608,9,83.2138,1881856316
sorted_array,8388608,9,421.5515,1881856316
btree8_bl,8388608,9,179.1656,1881856316
splus8,8388608,10,83.1573,1881856316
splus16,8388608,10,79.9866,1881856316
btree8_bl,8388608,10,174.7513,1881856316
sorted_array,8388608,10,420.9610,1881856316
clusterjump,8388608,10,39.2670,1881856316
spline32,8388608,10,91.5085,1881856316
splus8,8388608,11,83.4503,1881856316
spline32,8388608,11,83.9706,1881856316
clusterjump,8388608,11,39.1968,1881856316
btree8_bl,8388608,11,174.3530,1881856316
splus16,8388608,11,81.1890,1881856316
sorted_array,8388608,11,413.0661,1881856316
sorted_array,8388608,12,384.1736,1881856316
clusterjump,8388608,12,39.0488,1881856316
spline32,8388608,12,89.4211,1881856316
btree8_bl,8388608,12,176.9073,1881856316
splus8,8388608,12,81.2088,1881856316
splus16,8388608,12,79.4525,1881856316
clusterjump,8388608,13,39.2853,1881856316
sorted_array,8388608,13,414.5050,1881856316
btree8_bl,8388608,13,177.9694,1881856316
splus8,8388608,13,82.2021,1881856316
spline32,8388608,13,90.1672,1881856316
splus16,8388608,13,76.1078,1881856316
btree8_bl,8388608,14,175.8408,1881856316
splus8,8388608,14,81.8954,1881856316
spline32,8388608,14,90.1505,1881856316
clusterjump,8388608,14,40.7684,1881856316
splus16,8388608,14,75.4059,1881856316
sorted_array,8388608,14,420.2271,1881856316
clusterjump,16777216,0,24.7147,137341586
spline32,16777216,0,101.2115,137341586
sorted_array,16777216,0,565.7303,137341586
splus8,16777216,0,97.3358,137341586
btree8_bl,16777216,0,184.1644,137341586
splus16,16777216,0,95.2271,137341586
splus8,16777216,1,99.2188,137341586
splus16,16777216,1,91.3147,137341586
clusterjump,16777216,1,43.2602,137341586
btree8_bl,16777216,1,184.6970,137341586
sorted_array,16777216,1,563.8779,137341586
spline32,16777216,1,111.2183,137341586
splus8,16777216,2,98.3780,137341586
spline32,16777216,2,102.5101,137341586
splus16,16777216,2,93.8400,137341586
sorted_array,16777216,2,563.0478,137341586
clusterjump,16777216,2,44.2337,137341586
btree8_bl,16777216,2,194.2474,137341586
btree8_bl,16777216,3,165.9409,137341586
splus16,16777216,3,106.5277,137341586
splus8,16777216,3,95.5109,137341586
sorted_array,16777216,3,563.7711,137341586
spline32,16777216,3,109.1751,137341586
clusterjump,16777216,3,43.7042,137341586
sorted_array,16777216,4,562.7060,137341586
spline32,16777216,4,106.6971,137341586
splus8,16777216,4,98.3505,137341586
btree8_bl,16777216,4,207.8888,137341586
clusterjump,16777216,4,45.3873,137341586
splus16,16777216,4,95.5978,137341586
btree8_bl,16777216,5,186.0855,137341586
splus8,16777216,5,97.5281,137341586
sorted_array,16777216,5,562.9059,137341586
spline32,16777216,5,111.2869,137341586
clusterjump,16777216,5,43.9865,137341586
splus16,16777216,5,97.8943,137341586
sorted_array,16777216,6,566.3086,137341586
spline32,16777216,6,110.6033,137341586
btree8_bl,16777216,6,185.4843,137341586
splus8,16777216,6,98.0499,137341586
splus16,16777216,6,99.7925,137341586
clusterjump,16777216,6,42.9306,137341586
clusterjump,16777216,7,23.3795,137341586
splus8,16777216,7,95.7184,137341586
spline32,16777216,7,105.8456,137341586
splus16,16777216,7,95.0653,137341586
sorted_array,16777216,7,562.9745,137341586
btree8_bl,16777216,7,184.3750,137341586
sorted_array,16777216,8,558.6838,137341586
spline32,16777216,8,108.1528,137341586
clusterjump,16777216,8,42.6666,137341586
splus8,16777216,8,96.9406,137341586
btree8_bl,16777216,8,186.4319,137341586
splus16,16777216,8,92.5247,137341586
splus8,16777216,9,99.1348,137341586
sorted_array,16777216,9,558.6288,137341586
splus16,16777216,9,93.2327,137341586
spline32,16777216,9,109.6039,137341586
clusterjump,16777216,9,44.5572,137341586
btree8_bl,16777216,9,184.7855,137341586
btree8_bl,16777216,10,160.0510,137341586
splus16,16777216,10,93.9789,137341586
clusterjump,16777216,10,44.3710,137341586
sorted_array,16777216,10,566.0690,137341586
spline32,16777216,10,110.5118,137341586
splus8,16777216,10,96.8170,137341586
btree8_bl,16777216,11,183.5983,137341586
clusterjump,16777216,11,43.6722,137341586
splus8,16777216,11,95.8603,137341586
spline32,16777216,11,110.0037,137341586
splus16,16777216,11,96.0724,137341586
sorted_array,16777216,11,560.2997,137341586
splus16,16777216,12,96.0617,137341586
spline32,16777216,12,107.0312,137341586
btree8_bl,16777216,12,185.3104,137341586
splus8,16777216,12,95.7764,137341586
sorted_array,16777216,12,559.3277,137341586
clusterjump,16777216,12,42.9062,137341586
sorted_array,16777216,13,561.8149,137341586
splus16,16777216,13,90.7089,137341586
btree8_bl,16777216,13,187.2757,137341586
spline32,16777216,13,109.7351,137341586
splus8,16777216,13,96.1838,137341586
clusterjump,16777216,13,43.3777,137341586
sorted_array,16777216,14,575.2075,137341586
splus16,16777216,14,100.8743,137341586
btree8_bl,16777216,14,183.2748,137341586
spline32,16777216,14,108.5754,137341586
clusterjump,16777216,14,45.9778,137341586
splus8,16777216,14,95.2209,137341586
splus16,33554432,0,109.8343,159426140
clusterjump,33554432,0,44.0536,159426140
btree8_bl,33554432,0,180.7999,159426140
spline32,33554432,0,131.3248,159426140
sorted_array,33554432,0,636.9232,159426140
splus8,33554432,0,109.5749,159426140
splus16,33554432,1,111.9354,159426140
spline32,33554432,1,130.6137,159426140
btree8_bl,33554432,1,181.8741,159426140
clusterjump,33554432,1,47.3679,159426140
sorted_array,33554432,1,634.6848,159426140
splus8,33554432,1,108.8501,159426140
sorted_array,33554432,2,640.1810,159426140
splus8,33554432,2,108.9676,159426140
spline32,33554432,2,131.7673,159426140
splus16,33554432,2,114.4653,159426140
btree8_bl,33554432,2,179.0115,159426140
clusterjump,33554432,2,46.9742,159426140
btree8_bl,33554432,3,162.9791,159426140
splus16,33554432,3,116.1331,159426140
sorted_array,33554432,3,636.8591,159426140
splus8,33554432,3,109.3445,159426140
clusterjump,33554432,3,48.6923,159426140
spline32,33554432,3,129.6478,159426140
clusterjump,33554432,4,44.4504,159426140
spline32,33554432,4,111.0672,159426140
sorted_array,33554432,4,643.5669,159426140
btree8_bl,33554432,4,177.5192,159426140
splus16,33554432,4,116.4886,159426140
splus8,33554432,4,107.4326,159426140
btree8_bl,33554432,5,178.8956,159426140
spline32,33554432,5,129.5654,159426140
splus16,33554432,5,111.9186,159426140
clusterjump,33554432,5,46.2585,159426140
sorted_array,33554432,5,635.3897,159426140
splus8,33554432,5,110.6949,159426140
spline32,33554432,6,131.3736,159426140
splus8,33554432,6,102.1103,159426140
splus16,33554432,6,111.9934,159426140
clusterjump,33554432,6,47.5143,159426140
btree8_bl,33554432,6,178.6789,159426140
sorted_array,33554432,6,634.8572,159426140
splus8,33554432,7,111.4792,159426140
spline32,33554432,7,129.5685,159426140
sorted_array,33554432,7,636.2808,159426140
splus16,33554432,7,112.4634,159426140
clusterjump,33554432,7,46.6888,159426140
btree8_bl,33554432,7,180.7968,159426140
btree8_bl,33554432,8,169.1650,159426140
sorted_array,33554432,8,641.2704,159426140
spline32,33554432,8,129.6188,159426140
splus16,33554432,8,118.1656,159426140
clusterjump,33554432,8,47.8287,159426140
splus8,33554432,8,110.5881,159426140
clusterjump,33554432,9,40.1962,159426140
sorted_array,33554432,9,647.0856,159426140
btree8_bl,33554432,9,185.9406,159426140
splus8,33554432,9,107.9346,159426140
spline32,33554432,9,132.8171,159426140
splus16,33554432,9,116.5390,159426140
splus8,33554432,10,108.6868,159426140
btree8_bl,33554432,10,182.9056,159426140
splus16,33554432,10,115.3946,159426140
clusterjump,33554432,10,47.4594,159426140
spline32,33554432,10,131.2851,159426140
sorted_array,33554432,10,641.4658,159426140
clusterjump,33554432,11,47.2519,159426140
btree8_bl,33554432,11,189.4806,159426140
splus16,33554432,11,118.1168,159426140
sorted_array,33554432,11,646.7331,159426140
spline32,33554432,11,132.1640,159426140
splus8,33554432,11,109.9762,159426140
splus16,33554432,12,115.5228,159426140
sorted_array,33554432,12,643.9957,159426140
splus8,33554432,12,109.0332,159426140
btree8_bl,33554432,12,182.6782,159426140
spline32,33554432,12,137.5092,159426140
clusterjump,33554432,12,49.2950,159426140
clusterjump,33554432,13,36.9522,159426140
splus16,33554432,13,116.3300,159426140
spline32,33554432,13,133.0292,159426140
btree8_bl,33554432,13,181.2729,159426140
sorted_array,33554432,13,644.1086,159426140
splus8,33554432,13,121.2982,159426140
splus8,33554432,14,63.5071,159426140
splus16,33554432,14,116.4474,159426140
btree8_bl,33554432,14,182.5745,159426140
clusterjump,33554432,14,46.8521,159426140
sorted_array,33554432,14,644.9249,159426140
spline32,33554432,14,129.2679,159426140
