"compiler","mode","order","structure","n","median_ns","min_ns","max_ns","sessions"
"gcc","lat","blocked","btree16_bl_a64",256,13.8916,13.6551,14.2471,3
"gcc","tput","blocked","btree16_bl_a64",256,4.3472,4.0985,4.6295,3
"clang","lat","shuffled","btree16_bl_a64",256,15.0635,15.0314,15.2573,3
"gcc","lat","shuffled","btree16_bl_a64",256,13.9694,13.9587,14.1022,3
"clang","tput","shuffled","btree16_bl_a64",256,4.9469,4.6417,5.2094,3
"gcc","tput","shuffled","btree16_bl_a64",256,4.5685,4.4586,5.0461,3
"gcc","lat","blocked","btree8",256,20.5688,20.0455,20.9564,3
"gcc","tput","blocked","btree8",256,20.7626,20.5124,21.2326,3
"clang","lat","shuffled","btree8",256,22.6624,21.5225,23.1247,3
"gcc","lat","shuffled","btree8",256,20.9305,20.6802,21.3333,3
"clang","tput","shuffled","btree8",256,21.8155,20.4742,22.0016,3
"gcc","tput","shuffled","btree8",256,21.1136,20.5841,21.5652,3
"gcc","lat","blocked","btree8_a64",256,19.606,18.8354,20.2133,3
"gcc","tput","blocked","btree8_a64",256,19.4275,18.75,19.7449,3
"clang","lat","shuffled","btree8_a64",256,21.434,21.4035,21.8704,3
"gcc","lat","shuffled","btree8_a64",256,20.1614,19.7693,20.5154,3
"clang","tput","shuffled","btree8_a64",256,20.9732,20.3857,21.3608,3
"gcc","tput","shuffled","btree8_a64",256,19.6487,19.1315,20.0699,3
"gcc","lat","blocked","btree8_bl",256,21.6263,21.6232,21.8384,3
"gcc","tput","blocked","btree8_bl",256,12.9517,12.0758,12.9959,3
"clang","lat","shuffled","btree8_bl",256,25.0473,23.822,25.0885,3
"gcc","lat","shuffled","btree8_bl",256,21.9543,21.5042,22.0459,3
"clang","tput","shuffled","btree8_bl",256,14.827,13.8138,14.9307,3
"gcc","tput","shuffled","btree8_bl",256,13.3224,12.2223,13.3499,3
"gcc","lat","blocked","btree8_bl_a64",256,20.1584,19.4519,20.1645,3
"gcc","tput","blocked","btree8_bl_a64",256,11.5479,10.8154,11.6409,3
"clang","lat","shuffled","btree8_bl_a64",256,22.6562,22.1802,22.6822,3
"gcc","lat","shuffled","btree8_bl_a64",256,20.2606,19.9249,20.2667,3
"clang","tput","shuffled","btree8_bl_a64",256,13.5468,12.7518,13.6215,3
"gcc","tput","shuffled","btree8_bl_a64",256,11.8042,10.8978,11.8652,3
"gcc","lat","blocked","fusion16_w",256,37.7747,37.6358,38.3636,3
"gcc","tput","blocked","fusion16_w",256,27.1423,25.9583,27.6459,3
"clang","lat","shuffled","fusion16_w",256,38.2843,37.6846,38.3606,3
"gcc","lat","shuffled","fusion16_w",256,38.3972,37.7502,38.5025,3
"clang","tput","shuffled","fusion16_w",256,26.7746,25.9308,27.0966,3
"gcc","tput","shuffled","fusion16_w",256,27.0645,26.5411,27.742,3
"gcc","lat","blocked","fusion8",256,39.2288,38.4064,39.6225,3
"gcc","tput","blocked","fusion8",256,34.8129,34.0103,35.556,3
"clang","lat","shuffled","fusion8",256,40.8157,40.7349,41.1209,3
"gcc","lat","shuffled","fusion8",256,39.9414,39.7293,40.239,3
"clang","tput","shuffled","fusion8",256,37.4954,37.3596,38.0692,3
"gcc","tput","shuffled","fusion8",256,35.2448,33.844,36.0779,3
"gcc","lat","blocked","fusion8_bf",256,43.1686,41.6641,43.5059,3
"gcc","tput","blocked","fusion8_bf",256,37.2833,35.8627,37.8799,3
"clang","lat","shuffled","fusion8_bf",256,43.0969,42.3599,43.4616,3
"gcc","lat","shuffled","fusion8_bf",256,43.306,43.0008,43.6813,3
"clang","tput","shuffled","fusion8_bf",256,38.652,38.3377,38.7833,3
"gcc","tput","shuffled","fusion8_bf",256,37.7945,35.7803,37.8647,3
"gcc","lat","blocked","fusion8_c",256,41.7526,40.5426,42.1829,3
"gcc","tput","blocked","fusion8_c",256,36.4655,36.1847,36.7722,3
"clang","lat","shuffled","fusion8_c",256,41.835,41.0599,41.8533,3
"gcc","lat","shuffled","fusion8_c",256,41.9205,41.5558,42.3477,3
"clang","tput","shuffled","fusion8_c",256,37.0102,35.9512,37.2406,3
"gcc","tput","shuffled","fusion8_c",256,37.2879,35.2249,37.3566,3
"gcc","lat","blocked","sorted_array",256,13.0539,12.7579,13.092,3
"gcc","tput","blocked","sorted_array",256,4.3869,4.364,4.48,3
"clang","lat","shuffled","sorted_array",256,22.6791,22.5098,23.4177,3
"gcc","lat","shuffled","sorted_array",256,13.0478,13.0203,13.0707,3
"clang","tput","shuffled","sorted_array",256,23.0179,22.7753,23.97,3
"gcc","tput","shuffled","sorted_array",256,4.3854,4.2953,4.4769,3
"gcc","lat","blocked","btree16_bl_a64",512,20.3491,20.0241,20.5917,3
"gcc","tput","blocked","btree16_bl_a64",512,14.2014,14.18,14.3967,3
"clang","lat","shuffled","btree16_bl_a64",512,22.3312,21.7651,22.5601,3
"gcc","lat","shuffled","btree16_bl_a64",512,20.929,20.1828,21.1578,3
"clang","tput","shuffled","btree16_bl_a64",512,15.9607,15.9058,15.9668,3
"gcc","tput","shuffled","btree16_bl_a64",512,14.7186,14.6194,14.8788,3
"gcc","lat","blocked","btree8",512,23.3841,22.7661,23.8678,3
"gcc","tput","blocked","btree8",512,23.6893,23.2285,24.2859,3
"clang","lat","shuffled","btree8",512,26.0788,25.6332,26.1246,3
"gcc","lat","shuffled","btree8",512,24.0631,23.9731,24.3042,3
"clang","tput","shuffled","btree8",512,24.379,24.0768,24.5132,3
"gcc","tput","shuffled","btree8",512,24.2661,23.6694,24.2798,3
"gcc","lat","blocked","btree8_a64",512,22.5235,21.4691,22.7631,3
"gcc","tput","blocked","btree8_a64",512,22.1222,21.7972,22.3694,3
"clang","lat","shuffled","btree8_a64",512,25.2563,24.7269,25.5981,3
"gcc","lat","shuffled","btree8_a64",512,22.4838,22.3892,22.7417,3
"clang","tput","shuffled","btree8_a64",512,22.5113,22.4762,23.1857,3
"gcc","tput","shuffled","btree8_a64",512,22.8745,22.3099,22.998,3
"gcc","lat","blocked","btree8_bl",512,21.7926,21.3608,21.7941,3
"gcc","tput","blocked","btree8_bl",512,8.6197,8.6151,8.9859,3
"clang","lat","shuffled","btree8_bl",512,24.0707,23.2346,24.1119,3
"gcc","lat","shuffled","btree8_bl",512,21.8262,21.0831,21.8887,3
"clang","tput","shuffled","btree8_bl",512,9.8038,9.613,10.112,3
"gcc","tput","shuffled","btree8_bl",512,9.05,8.992,9.0988,3
"gcc","lat","blocked","btree8_bl_a64",512,19.3954,19.0704,19.3954,3
"gcc","tput","blocked","btree8_bl_a64",512,7.8598,7.7301,8.1451,3
"clang","lat","shuffled","btree8_bl_a64",512,21.6904,21.6354,21.698,3
"gcc","lat","shuffled","btree8_bl_a64",512,19.5236,19.4427,19.545,3
"clang","tput","shuffled","btree8_bl_a64",512,9.0256,8.8852,9.3719,3
"gcc","tput","shuffled","btree8_bl_a64",512,8.0811,7.9437,8.1467,3
"gcc","lat","blocked","fusion16_w",512,50.5905,50.5661,51.2192,3
"gcc","tput","blocked","fusion16_w",512,41.8976,41.8915,42.0898,3
"clang","lat","shuffled","fusion16_w",512,51.059,50.1724,51.4206,3
"gcc","lat","shuffled","fusion16_w",512,51.4008,50.4959,51.8692,3
"clang","tput","shuffled","fusion16_w",512,41.6077,41.4886,41.6397,3
"gcc","tput","shuffled","fusion16_w",512,42.0929,41.4368,42.4591,3
"gcc","lat","blocked","fusion8",512,39.8346,38.7695,40.2527,3
"gcc","tput","blocked","fusion8",512,34.4727,34.3491,35.0891,3
"clang","lat","shuffled","fusion8",512,41.5649,41.4581,42.2516,3
"gcc","lat","shuffled","fusion8",512,40.2725,39.9582,40.5411,3
"clang","tput","shuffled","fusion8",512,37.4039,37.3413,37.912,3
"gcc","tput","shuffled","fusion8",512,35.0784,34.3719,35.6842,3
"gcc","lat","blocked","fusion8_bf",512,45.2972,43.1351,45.3751,3
"gcc","tput","blocked","fusion8_bf",512,38.0707,37.2223,38.1607,3
"clang","lat","shuffled","fusion8_bf",512,44.8715,43.9224,45.134,3
"gcc","lat","shuffled","fusion8_bf",512,45.5673,44.371,45.6238,3
"clang","tput","shuffled","fusion8_bf",512,39.3799,38.5208,39.4501,3
"gcc","tput","shuffled","fusion8_bf",512,38.4048,36.9095,38.4766,3
"gcc","lat","blocked","fusion8_c",512,44.2383,42.0792,44.5206,3
"gcc","tput","blocked","fusion8_c",512,37.5397,36.6318,38.9648,3
"clang","lat","shuffled","fusion8_c",512,43.3594,42.453,43.6111,3
"gcc","lat","shuffled","fusion8_c",512,44.342,43.1412,44.426,3
"clang","tput","shuffled","fusion8_c",512,38.0341,37.9944,38.1531,3
"gcc","tput","shuffled","fusion8_c",512,38.2706,36.8759,38.3759,3
"gcc","lat","blocked","sorted_array",512,14.36,14.0747,14.3677,3
"gcc","tput","blocked","sorted_array",512,5.0583,5.0537,5.0766,3
"clang","lat","shuffled","sorted_array",512,28.5889,28.2288,29.0817,3
"gcc","lat","shuffled","sorted_array",512,14.3829,14.3814,14.3982,3
"clang","tput","shuffled","sorted_array",512,28.6667,28.6301,29.3442,3
"gcc","tput","shuffled","sorted_array",512,5.0629,4.9942,5.072,3
"gcc","lat","blocked","btree16_bl_a64",1024,21.785,21.3547,21.817,3
"gcc","tput","blocked","btree16_bl_a64",1024,11.2305,11.0626,11.8042,3
"clang","lat","shuffled","btree16_bl_a64",1024,23.4161,23.3246,23.5031,3
"gcc","lat","shuffled","btree16_bl_a64",1024,21.9315,21.9254,22.0734,3
"clang","tput","shuffled","btree16_bl_a64",1024,12.0834,11.85,12.8372,3
"gcc","tput","shuffled","btree16_bl_a64",1024,11.4853,11.0718,12.0834,3
"gcc","lat","blocked","btree8",1024,26.3794,25.9796,26.7395,3
"gcc","tput","blocked","btree8",1024,26.9882,26.9211,27.4811,3
"clang","lat","shuffled","btree8",1024,31.0745,30.4306,31.1539,3
"gcc","lat","shuffled","btree8",1024,27.1683,26.8051,27.182,3
"clang","tput","shuffled","btree8",1024,29.0771,28.8651,29.48,3
"gcc","tput","shuffled","btree8",1024,27.2766,26.9989,27.5284,3
"gcc","lat","blocked","btree8_a64",1024,24.7269,24.3179,25.3784,3
"gcc","tput","blocked","btree8_a64",1024,25.0031,24.8245,25.0778,3
"clang","lat","shuffled","btree8_a64",1024,29.2023,29.0604,29.8233,3
"gcc","lat","shuffled","btree8_a64",1024,25.6287,25.56,25.6302,3
"clang","tput","shuffled","btree8_a64",1024,27.0691,26.8677,28.125,3
"gcc","tput","shuffled","btree8_a64",1024,25.4242,25.1221,25.885,3
"gcc","lat","blocked","btree8_bl",1024,27.4124,26.7792,27.4841,3
"gcc","tput","blocked","btree8_bl",1024,21.7178,21.5332,21.9284,3
"clang","lat","shuffled","btree8_bl",1024,30.3299,30.0079,30.3314,3
"gcc","lat","shuffled","btree8_bl",1024,27.5635,27.2583,27.7969,3
"clang","tput","shuffled","btree8_bl",1024,23.8403,23.111,24.0051,3
"gcc","tput","shuffled","btree8_bl",1024,21.701,21.6675,21.8185,3
"gcc","lat","blocked","btree8_bl_a64",1024,25.0626,24.5087,25.0748,3
"gcc","tput","blocked","btree8_bl_a64",1024,19.1391,18.7027,19.2276,3
"clang","lat","shuffled","btree8_bl_a64",1024,27.655,27.5589,27.6825,3
"gcc","lat","shuffled","btree8_bl_a64",1024,24.9802,24.8917,25.0687,3
"clang","tput","shuffled","btree8_bl_a64",1024,21.4981,21.4706,21.5759,3
"gcc","tput","shuffled","btree8_bl_a64",1024,19.0567,18.8416,19.1986,3
"gcc","lat","blocked","fusion16_w",1024,56.2164,55.1056,56.7078,3
"gcc","tput","blocked","fusion16_w",1024,47.8043,47.4731,48.201,3
"clang","lat","shuffled","fusion16_w",1024,56.0379,55.9921,56.337,3
"gcc","lat","shuffled","fusion16_w",1024,56.4819,56.3141,56.5567,3
"clang","tput","shuffled","fusion16_w",1024,45.578,45.5231,46.9025,3
"gcc","tput","shuffled","fusion16_w",1024,46.7285,46.1304,47.9172,3
"gcc","lat","blocked","fusion8",1024,47.1054,46.2173,47.2122,3
"gcc","tput","blocked","fusion8",1024,42.9291,42.7933,43.0511,3
"clang","lat","shuffled","fusion8",1024,49.9832,49.971,50.3372,3
"gcc","lat","shuffled","fusion8",1024,48.2483,48.0896,49.0692,3
"clang","tput","shuffled","fusion8",1024,46.5485,46.344,47.0718,3
"gcc","tput","shuffled","fusion8",1024,44.9722,43.0298,45.5536,3
"gcc","lat","blocked","fusion8_bf",1024,54.3243,52.6154,55.1559,3
"gcc","tput","blocked","fusion8_bf",1024,49.2538,49.2035,49.7253,3
"clang","lat","shuffled","fusion8_bf",1024,54.1351,53.7567,54.3106,3
"gcc","lat","shuffled","fusion8_bf",1024,55.0644,54.5654,55.2841,3
"clang","tput","shuffled","fusion8_bf",1024,51.033,50.4791,51.1124,3
"gcc","tput","shuffled","fusion8_bf",1024,51.9348,50.3189,52.2156,3
"gcc","lat","blocked","fusion8_c",1024,53.2578,51.5656,53.8986,3
"gcc","tput","blocked","fusion8_c",1024,51.3016,51.1139,51.7181,3
"clang","lat","shuffled","fusion8_c",1024,51.7609,51.6998,52.0676,3
"gcc","lat","shuffled","fusion8_c",1024,52.8412,52.3132,53.2227,3
"clang","tput","shuffled","fusion8_c",1024,49.1043,48.4009,49.1516,3
"gcc","tput","shuffled","fusion8_c",1024,49.8535,49.1318,51.0651,3
"gcc","lat","blocked","sorted_array",1024,15.7837,15.4694,15.8005,3
"gcc","tput","blocked","sorted_array",1024,5.8044,5.7678,5.8319,3
"clang","lat","shuffled","sorted_array",1024,33.8181,33.6945,34.1309,3
"gcc","lat","shuffled","sorted_array",1024,15.802,15.7623,15.8173,3
"clang","tput","shuffled","sorted_array",1024,34.314,34.079,34.7153,3
"gcc","tput","shuffled","sorted_array",1024,5.8167,5.7007,5.8365,3
"gcc","lat","blocked","btree16_bl_a64",2048,21.5256,21.2418,22.1939,3
"gcc","tput","blocked","btree16_bl_a64",2048,9.2026,9.1721,9.3445,3
"clang","lat","shuffled","btree16_bl_a64",2048,23.0057,22.9996,23.0362,3
"gcc","lat","shuffled","btree16_bl_a64",2048,21.7728,21.4676,21.7865,3
"clang","tput","shuffled","btree16_bl_a64",2048,9.613,9.5734,9.729,3
"gcc","tput","shuffled","btree16_bl_a64",2048,9.3582,9.3552,9.3704,3
"gcc","lat","blocked","btree8",2048,30.6107,30.2139,30.7724,3
"gcc","tput","blocked","btree8",2048,30.4962,30.4428,30.7785,3
"clang","lat","shuffled","btree8",2048,34.4681,33.9996,35.1013,3
"gcc","lat","shuffled","btree8",2048,31.1951,31.102,31.3705,3
"clang","tput","shuffled","btree8",2048,33.0215,32.0297,33.2779,3
"gcc","tput","shuffled","btree8",2048,31.2759,30.867,31.3171,3
"gcc","lat","blocked","btree8_a64",2048,28.801,28.5706,29.2618,3
"gcc","tput","blocked","btree8_a64",2048,28.7354,28.6713,28.8635,3
"clang","lat","shuffled","btree8_a64",2048,33.2825,33.0978,33.4381,3
"gcc","lat","shuffled","btree8_a64",2048,29.4022,29.1519,29.5578,3
"clang","tput","shuffled","btree8_a64",2048,30.7709,30.7541,30.8777,3
"gcc","tput","shuffled","btree8_a64",2048,28.9963,28.6331,29.3243,3
"gcc","lat","blocked","btree8_bl",2048,29.0741,28.6255,29.1885,3
"gcc","tput","blocked","btree8_bl",2048,17.3309,17.0395,17.6453,3
"clang","lat","shuffled","btree8_bl",2048,32.5256,32.5012,32.8873,3
"gcc","lat","shuffled","btree8_bl",2048,29.5181,29.2114,29.9713,3
"clang","tput","shuffled","btree8_bl",2048,20.0867,19.4031,20.1553,3
"gcc","tput","shuffled","btree8_bl",2048,17.5613,17.4225,18.1107,3
"gcc","lat","blocked","btree8_bl_a64",2048,26.6968,26.3824,26.741,3
"gcc","tput","blocked","btree8_bl_a64",2048,15.7578,15.4526,15.9805,3
"clang","lat","shuffled","btree8_bl_a64",2048,29.8264,29.7928,29.8477,3
"gcc","lat","shuffled","btree8_bl_a64",2048,26.9867,26.7807,27.0401,3
"clang","tput","shuffled","btree8_bl_a64",2048,18.2068,17.9947,18.605,3
"gcc","tput","shuffled","btree8_bl_a64",2048,16.0202,15.9439,16.4597,3
"gcc","lat","blocked","fusion16_w",2048,59.1415,57.9025,59.285,3
"gcc","tput","blocked","fusion16_w",2048,49.8886,48.4344,50.2487,3
"clang","lat","shuffled","fusion16_w",2048,59.2606,59.2514,59.3002,3
"gcc","lat","shuffled","fusion16_w",2048,59.1431,59.14,59.3124,3
"clang","tput","shuffled","fusion16_w",2048,48.1293,47.995,48.3154,3
"gcc","tput","shuffled","fusion16_w",2048,48.8388,48.1644,49.2279,3
"gcc","lat","blocked","fusion8",2048,54.8599,53.9978,56.2363,3
"gcc","tput","blocked","fusion8",2048,51.2817,51.2268,51.326,3
"clang","lat","shuffled","fusion8",2048,57.7698,57.4219,58.0688,3
"gcc","lat","shuffled","fusion8",2048,56.2561,55.9113,57.1457,3
"clang","tput","shuffled","fusion8",2048,54.8813,54.7882,55.1147,3
"gcc","tput","shuffled","fusion8",2048,52.3117,51.8997,53.2074,3
"gcc","lat","blocked","fusion8_bf",2048,60.379,59.4635,60.3989,3
"gcc","tput","blocked","fusion8_bf",2048,53.7476,53.5797,54.0421,3
"clang","lat","shuffled","fusion8_bf",2048,60.1135,59.964,60.4004,3
"gcc","lat","shuffled","fusion8_bf",2048,61.4685,60.643,62.0346,3
"clang","tput","shuffled","fusion8_bf",2048,55.4764,55.4565,55.5298,3
"gcc","tput","shuffled","fusion8_bf",2048,55.9174,55.6534,56.0822,3
"gcc","lat","blocked","fusion8_c",2048,58.7616,58.0154,59.1431,3
"gcc","tput","blocked","fusion8_c",2048,54.6829,54.6249,54.7562,3
"clang","lat","shuffled","fusion8_c",2048,57.5623,57.4524,57.7225,3
"gcc","lat","shuffled","fusion8_c",2048,58.7967,58.078,58.8776,3
"clang","tput","shuffled","fusion8_c",2048,52.7451,52.6825,52.9114,3
"gcc","tput","shuffled","fusion8_c",2048,53.3447,53.2104,53.5629,3
"gcc","lat","blocked","sorted_array",2048,17.2684,16.9357,17.2943,3
"gcc","tput","blocked","sorted_array",2048,6.4194,6.4102,6.4255,3
"clang","lat","shuffled","sorted_array",2048,38.4933,38.2614,39.18,3
"gcc","lat","shuffled","sorted_array",2048,17.2638,17.009,17.3172,3
"clang","tput","shuffled","sorted_array",2048,39.1296,39.0961,39.4943,3
"gcc","tput","shuffled","sorted_array",2048,6.4026,6.3095,6.4438,3
"gcc","lat","blocked","btree16_bl_a64",4096,21.3165,20.9641,21.5042,3
"gcc","tput","blocked","btree16_bl_a64",4096,8.1772,8.0826,8.2108,3
"clang","lat","shuffled","btree16_bl_a64",4096,22.7188,22.7036,22.7524,3
"gcc","lat","shuffled","btree16_bl_a64",4096,21.4554,21.3501,21.4798,3
"clang","tput","shuffled","btree16_bl_a64",4096,8.2062,8.1467,8.2504,3
"gcc","tput","shuffled","btree16_bl_a64",4096,8.1833,8.11,8.3008,3
"gcc","lat","blocked","btree8",4096,33.2733,33.1406,33.9844,3
"gcc","tput","blocked","btree8",4096,33.728,33.1177,33.7646,3
"clang","lat","shuffled","btree8",4096,37.6831,37.6526,37.8601,3
"gcc","lat","shuffled","btree8",4096,33.931,33.7875,34.1187,3
"clang","tput","shuffled","btree8",4096,35.5331,35.4858,35.6018,3
"gcc","tput","shuffled","btree8",4096,34.1553,33.8455,34.5016,3
"gcc","lat","blocked","btree8_a64",4096,31.2637,30.4657,31.8253,3
"gcc","tput","blocked","btree8_a64",4096,31.9931,31.3843,32.1365,3
"clang","lat","shuffled","btree8_a64",4096,36.5005,36.3861,36.6379,3
"gcc","lat","shuffled","btree8_a64",4096,32.1472,31.8115,32.4005,3
"clang","tput","shuffled","btree8_a64",4096,33.1802,32.872,33.5022,3
"gcc","tput","shuffled","btree8_a64",4096,32.1579,31.8481,32.428,3
"gcc","lat","blocked","btree8_bl",4096,29.0771,28.5049,29.1733,3
"gcc","tput","blocked","btree8_bl",4096,14.2441,14.1083,14.2731,3
"clang","lat","shuffled","btree8_bl",4096,32.2388,32.132,32.2418,3
"gcc","lat","shuffled","btree8_bl",4096,29.3045,29.2572,29.4601,3
"clang","tput","shuffled","btree8_bl",4096,15.7227,14.9933,15.7608,3
"gcc","tput","shuffled","btree8_bl",4096,14.5508,14.2746,14.653,3
"gcc","lat","blocked","btree8_bl_a64",4096,26.4114,25.9521,26.7303,3
"gcc","tput","blocked","btree8_bl_a64",4096,12.4573,12.4084,12.5839,3
"clang","lat","shuffled","btree8_bl_a64",4096,29.4296,29.3594,29.4785,3
"gcc","lat","shuffled","btree8_bl_a64",4096,26.5564,26.5549,26.5915,3
"clang","tput","shuffled","btree8_bl_a64",4096,14.183,14.0656,14.2059,3
"gcc","tput","shuffled","btree8_bl_a64",4096,12.7319,12.4588,12.735,3
"gcc","lat","blocked","fusion16_w",4096,59.5016,58.3984,59.8358,3
"gcc","tput","blocked","fusion16_w",4096,47.4762,47.4564,48.4818,3
"clang","lat","shuffled","fusion16_w",4096,59.5322,59.4391,59.79,3
"gcc","lat","shuffled","fusion16_w",4096,59.4711,59.2941,59.6191,3
"clang","tput","shuffled","fusion16_w",4096,46.6156,46.4157,46.6827,3
"gcc","tput","shuffled","fusion16_w",4096,47.1985,46.524,47.673,3
"gcc","lat","blocked","fusion8",4096,57.077,56.2073,57.3654,3
"gcc","tput","blocked","fusion8",4096,51.7609,51.5823,51.8326,3
"clang","lat","shuffled","fusion8",4096,60.1105,59.9655,60.26,3
"gcc","lat","shuffled","fusion8",4096,58.139,57.7286,58.1863,3
"clang","tput","shuffled","fusion8",4096,56.5781,56.4529,56.7978,3
"gcc","tput","shuffled","fusion8",4096,53.125,52.8625,53.6057,3
"gcc","lat","blocked","fusion8_bf",4096,63.2477,62.3413,64.032,3
"gcc","tput","blocked","fusion8_bf",4096,55.4718,55.2841,55.8594,3
"clang","lat","shuffled","fusion8_bf",4096,62.8067,62.645,63.0127,3
"gcc","lat","shuffled","fusion8_bf",4096,64.2593,64.1479,64.3036,3
"clang","tput","shuffled","fusion8_bf",4096,56.9733,56.7337,57.3486,3
"gcc","tput","shuffled","fusion8_bf",4096,56.7459,55.5969,56.7734,3
"gcc","lat","blocked","fusion8_c",4096,60.8414,60.0693,63.0493,3
"gcc","tput","blocked","fusion8_c",4096,55.8823,55.6931,56.3019,3
"clang","lat","shuffled","fusion8_c",4096,60.2127,59.6069,60.3439,3
"gcc","lat","shuffled","fusion8_c",4096,61.1572,61.0123,61.3037,3
"clang","tput","shuffled","fusion8_c",4096,54.1183,54.0192,54.837,3
"gcc","tput","shuffled","fusion8_c",4096,55.2734,54.6143,55.9601,3
"gcc","lat","blocked","sorted_array",4096,18.6844,18.3289,18.6996,3
"gcc","tput","blocked","sorted_array",4096,7.2754,7.2723,7.2937,3
"clang","lat","shuffled","sorted_array",4096,42.6819,42.5354,42.8238,3
"gcc","lat","shuffled","sorted_array",4096,18.7149,18.6905,18.7317,3
"clang","tput","shuffled","sorted_array",4096,43.5944,43.4891,43.6478,3
"gcc","tput","shuffled","sorted_array",4096,7.2769,7.1442,7.3135,3
"gcc","lat","blocked","btree16_bl_a64",8192,31.3416,30.8975,31.987,3
"gcc","tput","blocked","btree16_bl_a64",8192,22.522,22.5006,22.6044,3
"clang","lat","shuffled","btree16_bl_a64",8192,34.9335,34.816,35.6705,3
"gcc","lat","shuffled","btree16_bl_a64",8192,32.6752,32.4814,33.5892,3
"clang","tput","shuffled","btree16_bl_a64",8192,26.5076,26.4313,26.9836,3
"gcc","tput","shuffled","btree16_bl_a64",8192,23.8113,22.8516,24.8016,3
"gcc","lat","blocked","btree8",8192,36.9751,36.1069,36.9827,3
"gcc","tput","blocked","btree8",8192,36.8546,36.4868,36.879,3
"clang","lat","shuffled","btree8",8192,41.7542,41.5634,41.8518,3
"gcc","lat","shuffled","btree8",8192,37.7899,37.4832,37.7991,3
"clang","tput","shuffled","btree8",8192,39.6805,39.4974,39.798,3
"gcc","tput","shuffled","btree8",8192,38.0066,37.0697,38.237,3
"gcc","lat","blocked","btree8_a64",8192,34.6786,34.14,34.7824,3
"gcc","tput","blocked","btree8_a64",8192,34.5657,34.5093,34.5917,3
"clang","lat","shuffled","btree8_a64",8192,40.21,40.0986,40.3793,3
"gcc","lat","shuffled","btree8_a64",8192,36.1313,35.7468,36.1694,3
"clang","tput","shuffled","btree8_a64",8192,37.7457,37.2086,37.7762,3
"gcc","tput","shuffled","btree8_a64",8192,35.6506,34.7626,35.9253,3
"gcc","lat","blocked","btree8_bl",8192,33.4198,32.9132,33.5403,3
"gcc","tput","blocked","btree8_bl",8192,21.6873,21.5622,21.8384,3
"clang","lat","shuffled","btree8_bl",8192,38.0508,37.8281,38.2019,3
"gcc","lat","shuffled","btree8_bl",8192,34.4025,34.2773,34.7519,3
"clang","tput","shuffled","btree8_bl",8192,24.0982,23.7823,24.2645,3
"gcc","tput","shuffled","btree8_bl",8192,22.8973,22.4533,23.5321,3
"gcc","lat","blocked","btree8_bl_a64",8192,30.722,30.3635,30.8365,3
"gcc","tput","blocked","btree8_bl_a64",8192,19.1315,19.0079,19.133,3
"clang","lat","shuffled","btree8_bl_a64",8192,35.1059,35.0937,35.2692,3
"gcc","lat","shuffled","btree8_bl_a64",8192,31.4972,31.4392,32.1945,3
"clang","tput","shuffled","btree8_bl_a64",8192,22.1329,22.0291,22.2107,3
"gcc","tput","shuffled","btree8_bl_a64",8192,19.9127,19.4336,20.4742,3
"gcc","lat","blocked","fusion16_w",8192,75.5463,74.7269,76.2421,3
"gcc","tput","blocked","fusion16_w",8192,67.514,67.3889,68.338,3
"clang","lat","shuffled","fusion16_w",8192,77.0782,76.5976,78.1143,3
"gcc","lat","shuffled","fusion16_w",8192,77.3117,77.0203,78.0655,3
"clang","tput","shuffled","fusion16_w",8192,68.8202,68.2541,69.7601,3
"gcc","tput","shuffled","fusion16_w",8192,68.7119,67.5888,69.8669,3
"gcc","lat","blocked","fusion8",8192,63.8351,62.912,64.09,3
"gcc","tput","blocked","fusion8",8192,58.02,57.8796,58.0887,3
"clang","lat","shuffled","fusion8",8192,69.3817,68.8583,69.6121,3
"gcc","lat","shuffled","fusion8",8192,66.0873,65.4068,66.3895,3
"clang","tput","shuffled","fusion8",8192,65.3992,65.1642,66.0812,3
"gcc","tput","shuffled","fusion8",8192,60.8658,59.6558,60.9787,3
"gcc","lat","blocked","fusion8_bf",8192,71.7194,70.9808,72.5815,3
"gcc","tput","blocked","fusion8_bf",8192,66.6718,66.2048,66.8839,3
"clang","lat","shuffled","fusion8_bf",8192,72.4838,71.9299,72.6196,3
"gcc","lat","shuffled","fusion8_bf",8192,74.7681,73.9426,74.852,3
"clang","tput","shuffled","fusion8_bf",8192,68.5989,68.4067,68.6142,3
"gcc","tput","shuffled","fusion8_bf",8192,69.3649,67.3035,69.931,3
"gcc","lat","blocked","fusion8_c",8192,70.1355,67.6804,70.7214,3
"gcc","tput","blocked","fusion8_c",8192,64.5874,64.4928,64.8804,3
"clang","lat","shuffled","fusion8_c",8192,68.3823,68.1473,68.7927,3
"gcc","lat","shuffled","fusion8_c",8192,70.813,70.1324,70.842,3
"clang","tput","shuffled","fusion8_c",8192,65.0131,64.8087,65.3198,3
"gcc","tput","shuffled","fusion8_c",8192,68.5394,67.0731,69.5786,3
"gcc","lat","blocked","sorted_array",8192,22.9889,22.5555,23.056,3
"gcc","tput","blocked","sorted_array",8192,9.1232,8.9813,9.1248,3
"clang","lat","shuffled","sorted_array",8192,48.1522,47.8165,48.4344,3
"gcc","lat","shuffled","sorted_array",8192,23.0988,22.9416,23.2162,3
"clang","tput","shuffled","sorted_array",8192,49.1989,49.0707,49.2065,3
"gcc","tput","shuffled","sorted_array",8192,9.1934,9.0027,9.2148,3
"gcc","lat","blocked","btree16_bl_a64",16384,34.9136,34.1537,35.1196,3
"gcc","tput","blocked","btree16_bl_a64",16384,18.8263,18.6569,18.8782,3
"clang","lat","shuffled","btree16_bl_a64",16384,42.9276,40.3641,43.2053,3
"gcc","lat","shuffled","btree16_bl_a64",16384,39.3295,37.0361,40.3366,3
"clang","tput","shuffled","btree16_bl_a64",16384,22.7524,22.3022,22.9202,3
"gcc","tput","shuffled","btree16_bl_a64",16384,20.8313,20.0485,22.0139,3
"gcc","lat","blocked","btree8",16384,46.3974,45.697,46.434,3
"gcc","tput","blocked","btree8",16384,46.4294,46.077,46.8277,3
"clang","lat","shuffled","btree8",16384,50.4089,49.4659,51.1169,3
"gcc","lat","shuffled","btree8",16384,48.8586,47.5327,49.0646,3
"clang","tput","shuffled","btree8",16384,47.6242,47.2702,47.934,3
"gcc","tput","shuffled","btree8",16384,48.671,47.0963,48.9594,3
"gcc","lat","blocked","btree8_a64",16384,43.5455,43.4601,44.5175,3
"gcc","tput","blocked","btree8_a64",16384,43.7866,43.7668,44.8044,3
"clang","lat","shuffled","btree8_a64",16384,49.5895,48.7717,49.9359,3
"gcc","lat","shuffled","btree8_a64",16384,46.5469,44.9326,46.9574,3
"clang","tput","shuffled","btree8_a64",16384,45.7825,45.2423,46.1624,3
"gcc","tput","shuffled","btree8_a64",16384,45.9183,44.2291,46.5485,3
"gcc","lat","blocked","btree8_bl",16384,40.4495,39.8132,40.657,3
"gcc","tput","blocked","btree8_bl",16384,26.3153,26.1826,26.5472,3
"clang","lat","shuffled","btree8_bl",16384,48.4467,46.7987,48.9075,3
"gcc","lat","shuffled","btree8_bl",16384,43.8019,41.6534,43.8217,3
"clang","tput","shuffled","btree8_bl",16384,30.5557,30.5115,30.8716,3
"gcc","tput","shuffled","btree8_bl",16384,28.6087,27.2537,28.862,3
"gcc","lat","blocked","btree8_bl_a64",16384,38.382,37.5504,38.3896,3
"gcc","tput","blocked","btree8_bl_a64",16384,23.5092,23.4726,23.7076,3
"clang","lat","shuffled","btree8_bl_a64",16384,46.1746,44.8151,46.8521,3
"gcc","lat","shuffled","btree8_bl_a64",16384,42.8558,39.5218,43.045,3
"clang","tput","shuffled","btree8_bl_a64",16384,28.3417,28.2547,28.801,3
"gcc","tput","shuffled","btree8_bl_a64",16384,26.6251,25.0244,26.9821,3
"gcc","lat","blocked","fusion16_w",16384,83.255,81.7017,83.5983,3
"gcc","tput","blocked","fusion16_w",16384,72.3007,71.4874,73.1613,3
"clang","lat","shuffled","fusion16_w",16384,87.9501,85.6873,88.4979,3
"gcc","lat","shuffled","fusion16_w",16384,88.0447,84.0744,88.4338,3
"clang","tput","shuffled","fusion16_w",16384,75.7401,74.6719,76.1688,3
"gcc","tput","shuffled","fusion16_w",16384,75.3784,73.4314,77.6001,3
"gcc","lat","blocked","fusion8",16384,76.9424,75.1907,77.2003,3
"gcc","tput","blocked","fusion8",16384,71.5912,70.6161,71.8399,3
"clang","lat","shuffled","fusion8",16384,85.463,83.2397,86.4929,3
"gcc","lat","shuffled","fusion8",16384,81.4072,79.8187,83.4976,3
"clang","tput","shuffled","fusion8",16384,82.3853,81.4835,84.5673,3
"gcc","tput","shuffled","fusion8",16384,77.5665,74.9817,78.2898,3
"gcc","lat","blocked","fusion8_bf",16384,83.7906,82.3074,84.0866,3
"gcc","tput","blocked","fusion8_bf",16384,75.4883,74.3225,75.4944,3
"clang","lat","shuffled","fusion8_bf",16384,87.4832,85.582,87.5244,3
"gcc","lat","shuffled","fusion8_bf",16384,88.3499,85.3149,88.3606,3
"clang","tput","shuffled","fusion8_bf",16384,80.0262,79.7211,81.839,3
"gcc","tput","shuffled","fusion8_bf",16384,80.6137,75.4196,81.0745,3
"gcc","lat","blocked","fusion8_c",16384,81.9366,81.6711,82.1198,3
"gcc","tput","blocked","fusion8_c",16384,78.7292,74.44,79.5486,3
"clang","lat","shuffled","fusion8_c",16384,82.3395,81.0486,83.551,3
"gcc","lat","shuffled","fusion8_c",16384,85.643,83.2352,86.1008,3
"clang","tput","shuffled","fusion8_c",16384,76.8372,75.8942,77.2614,3
"gcc","tput","shuffled","fusion8_c",16384,78.1097,75.0473,79.303,3
"gcc","lat","blocked","sorted_array",16384,29.2542,28.7933,29.5059,3
"gcc","tput","blocked","sorted_array",16384,11.7783,11.7691,11.7798,3
"clang","lat","shuffled","sorted_array",16384,54.9591,54.9576,55.0735,3
"gcc","lat","shuffled","sorted_array",16384,29.5914,28.9963,29.7134,3
"clang","tput","shuffled","sorted_array",16384,55.9952,55.7999,56.1508,3
"gcc","tput","shuffled","sorted_array",16384,11.8408,11.6425,12.0392,3
"gcc","lat","blocked","btree16_bl_a64",32768,34.8297,33.9813,35.2676,3
"gcc","tput","blocked","btree16_bl_a64",32768,15.4953,15.4358,15.7288,3
"clang","lat","shuffled","btree16_bl_a64",32768,41.5039,40.9637,44.3893,3
"gcc","lat","shuffled","btree16_bl_a64",32768,39.5782,38.7558,43.0832,3
"clang","tput","shuffled","btree16_bl_a64",32768,19.2917,18.3975,19.429,3
"gcc","tput","shuffled","btree16_bl_a64",32768,18.1808,15.9332,18.7759,3
"gcc","lat","blocked","btree8",32768,47.0901,45.8923,47.1008,3
"gcc","tput","blocked","btree8",32768,46.8567,46.521,46.9955,3
"clang","lat","shuffled","btree8",32768,53.7903,53.54,54.2404,3
"gcc","lat","shuffled","btree8",32768,49.7467,48.8831,50.6195,3
"clang","tput","shuffled","btree8",32768,50.9644,50.8591,51.1078,3
"gcc","tput","shuffled","btree8",32768,48.8754,46.9772,48.9746,3
"gcc","lat","blocked","btree8_a64",32768,45.0882,43.9438,45.6467,3
"gcc","tput","blocked","btree8_a64",32768,44.9951,44.4946,45.0043,3
"clang","lat","shuffled","btree8_a64",32768,52.8641,52.0752,53.3234,3
"gcc","lat","shuffled","btree8_a64",32768,47.2931,46.756,49.2508,3
"clang","tput","shuffled","btree8_a64",32768,49.0555,48.4116,49.3698,3
"gcc","tput","shuffled","btree8_a64",32768,47.0032,45.3674,47.2794,3
"gcc","lat","blocked","btree8_bl",32768,40.4877,39.7339,40.6158,3
"gcc","tput","blocked","btree8_bl",32768,20.5643,20.5276,20.5978,3
"clang","lat","shuffled","btree8_bl",32768,47.2015,47.0871,49.8672,3
"gcc","lat","shuffled","btree8_bl",32768,43.5455,42.8818,46.0739,3
"clang","tput","shuffled","btree8_bl",32768,24.1608,24.1302,24.2615,3
"gcc","tput","shuffled","btree8_bl",32768,23.024,21.3959,23.0377,3
"gcc","lat","blocked","btree8_bl_a64",32768,38.4323,37.7457,39.8453,3
"gcc","tput","blocked","btree8_bl_a64",32768,18.6447,18.5104,18.6859,3
"clang","lat","shuffled","btree8_bl_a64",32768,46.5302,46.1517,48.7427,3
"gcc","lat","shuffled","btree8_bl_a64",32768,42.8085,41.9052,45.9412,3
"clang","tput","shuffled","btree8_bl_a64",32768,22.7005,22.2855,22.7646,3
"gcc","tput","shuffled","btree8_bl_a64",32768,21.6599,19.5282,21.7575,3
"gcc","lat","blocked","fusion16_w",32768,88.0142,86.3632,88.0692,3
"gcc","tput","blocked","fusion16_w",32768,75.4349,74.6918,75.8575,3
"clang","lat","shuffled","fusion16_w",32768,93.3945,91.8457,95.1859,3
"gcc","lat","shuffled","fusion16_w",32768,93.5226,91.7465,96.7453,3
"clang","tput","shuffled","fusion16_w",32768,79.6631,78.3798,80.069,3
"gcc","tput","shuffled","fusion16_w",32768,78.8162,75.1236,78.9047,3
"gcc","lat","blocked","fusion8",32768,79.8172,78.6591,80.072,3
"gcc","tput","blocked","fusion8",32768,73.9487,73.1232,74.6552,3
"clang","lat","shuffled","fusion8",32768,87.1002,85.6033,89.3204,3
"gcc","lat","shuffled","fusion8",32768,84.2758,83.5495,88.0402,3
"clang","tput","shuffled","fusion8",32768,85.0357,83.5205,85.35,3
"gcc","tput","shuffled","fusion8",32768,80.2292,75.4089,80.9311,3
"gcc","lat","blocked","fusion8_bf",32768,87.677,86.1725,87.8174,3
"gcc","tput","blocked","fusion8_bf",32768,78.479,77.858,78.6728,3
"clang","lat","shuffled","fusion8_bf",32768,89.8209,89.5081,91.9067,3
"gcc","lat","shuffled","fusion8_bf",32768,94.072,93.602,97.2946,3
"clang","tput","shuffled","fusion8_bf",32768,84.6573,84.1003,84.6603,3
"gcc","tput","shuffled","fusion8_bf",32768,84.2834,80.5084,84.3369,3
"gcc","lat","blocked","fusion8_c",32768,86.8271,85.3027,86.9827,3
"gcc","tput","blocked","fusion8_c",32768,77.6413,77.3193,80.6259,3
"clang","lat","shuffled","fusion8_c",32768,85.8795,85.611,88.0493,3
"gcc","lat","shuffled","fusion8_c",32768,89.1495,88.1744,92.218,3
"clang","tput","shuffled","fusion8_c",32768,80.3696,80.1041,80.6702,3
"gcc","tput","shuffled","fusion8_c",32768,81.8344,79.1641,82.1198,3
"gcc","lat","blocked","sorted_array",32768,36.6623,35.9085,36.7172,3
"gcc","tput","blocked","sorted_array",32768,15.1611,15.1138,15.3336,3
"clang","lat","shuffled","sorted_array",32768,62.5916,62.5061,62.6968,3
"gcc","lat","shuffled","sorted_array",32768,37.4252,37.384,37.8159,3
"clang","tput","shuffled","sorted_array",32768,63.9893,63.974,64.1922,3
"gcc","tput","shuffled","sorted_array",32768,15.9317,15.1398,15.9561,3
"gcc","lat","blocked","btree16_bl_a64",65536,34.52,33.8684,34.5291,3
"gcc","tput","blocked","btree16_bl_a64",65536,14.3143,14.0244,14.3402,3
"clang","lat","shuffled","btree16_bl_a64",65536,44.7113,43.2663,46.5546,3
"gcc","lat","shuffled","btree16_bl_a64",65536,39.2761,39.0991,39.8117,3
"clang","tput","shuffled","btree16_bl_a64",65536,17.3126,16.6519,17.627,3
"gcc","tput","shuffled","btree16_bl_a64",65536,17.3279,15.3641,18.0145,3
"gcc","lat","blocked","btree8",65536,52.533,51.2695,52.8488,3
"gcc","tput","blocked","btree8",65536,52.9907,52.533,53.4103,3
"clang","lat","shuffled","btree8",65536,62.0193,61.5158,63.1714,3
"gcc","lat","shuffled","btree8",65536,56.7978,56.2622,57.1457,3
"clang","tput","shuffled","btree8",65536,57.1671,56.4636,58.2199,3
"gcc","tput","shuffled","btree8",65536,56.0989,53.6804,56.8451,3
"gcc","lat","blocked","btree8_a64",65536,50.8301,50.5096,51.181,3
"gcc","tput","blocked","btree8_a64",65536,50.618,50.4425,50.7645,3
"clang","lat","shuffled","btree8_a64",65536,61.5509,59.343,64.1373,3
"gcc","lat","shuffled","btree8_a64",65536,56.4789,55.5298,56.6498,3
"clang","tput","shuffled","btree8_a64",65536,55.0964,54.6448,56.4636,3
"gcc","tput","shuffled","btree8_a64",65536,55.838,51.9714,55.9052,3
"gcc","lat","blocked","btree8_bl",65536,44.1238,43.219,44.1376,3
"gcc","tput","blocked","btree8_bl",65536,22.4472,22.3557,22.5052,3
"clang","lat","shuffled","btree8_bl",65536,58.6411,56.8451,62.2421,3
"gcc","lat","shuffled","btree8_bl",65536,50.8301,50.1663,53.1464,3
"clang","tput","shuffled","btree8_bl",65536,27.0355,26.3138,27.2324,3
"gcc","tput","shuffled","btree8_bl",65536,27.7359,26.0513,27.8168,3
"gcc","lat","blocked","btree8_bl_a64",65536,42.5522,41.9128,42.807,3
"gcc","tput","blocked","btree8_bl_a64",65536,21.0556,20.726,21.1716,3
"clang","lat","shuffled","btree8_bl_a64",65536,57.5592,54.1656,59.0958,3
"gcc","lat","shuffled","btree8_bl_a64",65536,49.9161,49.2676,52.6718,3
"clang","tput","shuffled","btree8_bl_a64",65536,25.9308,25.3845,26.4236,3
"gcc","tput","shuffled","btree8_bl_a64",65536,26.7136,23.6343,27.0813,3
"gcc","lat","blocked","fusion16_w",65536,89.2197,88.1119,89.3814,3
"gcc","tput","blocked","fusion16_w",65536,74.2981,73.1857,74.7269,3
"clang","lat","shuffled","fusion16_w",65536,97.3053,96.756,102.2537,3
"gcc","lat","shuffled","fusion16_w",65536,94.4107,93.0664,94.9448,3
"clang","tput","shuffled","fusion16_w",65536,77.9694,76.8616,79.3793,3
"gcc","tput","shuffled","fusion16_w",65536,79.8157,74.9451,79.8569,3
"gcc","lat","blocked","fusion8",65536,85.7605,83.9996,86.1206,3
"gcc","tput","blocked","fusion8",65536,78.6926,77.3117,79.0161,3
"clang","lat","shuffled","fusion8",65536,102.742,99.0631,104.9637,3
"gcc","lat","shuffled","fusion8",65536,95.1385,94.3054,96.3318,3
"clang","tput","shuffled","fusion8",65536,96.4096,91.5863,99.5224,3
"gcc","tput","shuffled","fusion8",65536,88.1805,82.8552,90.7227,3
"gcc","lat","blocked","fusion8_bf",65536,93.605,91.7664,93.6356,3
"gcc","tput","blocked","fusion8_bf",65536,85.4477,84.9533,85.9558,3
"clang","lat","shuffled","fusion8_bf",65536,104.2343,101.6525,111.9766,3
"gcc","lat","shuffled","fusion8_bf",65536,103.3081,102.1057,106.6162,3
"clang","tput","shuffled","fusion8_bf",65536,95.1981,93.8293,101.2695,3
"gcc","tput","shuffled","fusion8_bf",65536,95.4575,87.8479,97.2702,3
"gcc","lat","blocked","fusion8_c",65536,92.4438,90.6082,95.8939,3
"gcc","tput","blocked","fusion8_c",65536,86.8484,85.5499,92.8421,3
"clang","lat","shuffled","fusion8_c",65536,98.6389,97.7768,101.1673,3
"gcc","lat","shuffled","fusion8_c",65536,100.148,97.0306,100.3403,3
"clang","tput","shuffled","fusion8_c",65536,90.2878,88.7527,91.1301,3
"gcc","tput","shuffled","fusion8_c",65536,96.7743,90.9363,96.9513,3
"gcc","lat","blocked","sorted_array",65536,46.5546,45.2103,46.7728,3
"gcc","tput","blocked","sorted_array",65536,20.2042,20.1904,20.3522,3
"clang","lat","shuffled","sorted_array",65536,71.9604,71.3943,72.5159,3
"gcc","lat","shuffled","sorted_array",65536,48.3124,47.6486,48.4009,3
"clang","tput","shuffled","sorted_array",65536,73.1812,73.0591,73.1812,3
"gcc","tput","shuffled","sorted_array",65536,21.4127,20.5536,21.8079,3
"gcc","lat","blocked","btree16_bl_a64",131072,60.7803,60.0632,62.027,3
"gcc","tput","blocked","btree16_bl_a64",131072,39.0884,38.8107,55.3223,3
"clang","lat","shuffled","btree16_bl_a64",131072,110.3104,96.138,111.2015,3
"gcc","lat","shuffled","btree16_bl_a64",131072,91.4413,89.8682,92.5262,3
"clang","tput","shuffled","btree16_bl_a64",131072,58.1558,57.2708,64.0656,3
"gcc","tput","shuffled","btree16_bl_a64",131072,61.4334,57.9041,62.5656,3
"gcc","lat","blocked","btree8",131072,69.9799,69.8456,71.4844,3
"gcc","tput","blocked","btree8",131072,70.192,69.6014,70.8527,3
"clang","lat","shuffled","btree8",131072,99.7299,96.9025,103.0426,3
"gcc","lat","shuffled","btree8",131072,91.4047,89.4791,93.7912,3
"clang","tput","shuffled","btree8",131072,87.9669,83.2977,93.1107,3
"gcc","tput","shuffled","btree8",131072,86.2411,83.5953,88.9359,3
"gcc","lat","blocked","btree8_a64",131072,70.2621,70.1172,71.0724,3
"gcc","tput","blocked","btree8_a64",131072,68.8889,68.8202,78.0624,3
"clang","lat","shuffled","btree8_a64",131072,105.4016,98.8556,106.8542,3
"gcc","lat","shuffled","btree8_a64",131072,95.8633,92.9581,99.6338,3
"clang","tput","shuffled","btree8_a64",131072,90.0803,85.3882,96.0114,3
"gcc","tput","shuffled","btree8_a64",131072,90.834,86.3815,91.8442,3
"gcc","lat","blocked","btree8_bl",131072,62.8937,62.2787,63.8123,3
"gcc","tput","blocked","btree8_bl",131072,39.2517,38.8199,45.6192,3
"clang","lat","shuffled","btree8_bl",131072,105.8731,102.6047,106.134,3
"gcc","lat","shuffled","btree8_bl",131072,90.9622,90.1886,92.8619,3
"clang","tput","shuffled","btree8_bl",131072,55.8441,52.7435,56.958,3
"gcc","tput","shuffled","btree8_bl",131072,57.4707,53.0502,61.2213,3
"gcc","lat","blocked","btree8_bl_a64",131072,59.8953,59.3918,60.437,3
"gcc","tput","blocked","btree8_bl_a64",131072,35.9833,35.9665,49.942,3
"clang","lat","shuffled","btree8_bl_a64",131072,106.6437,98.172,108.8181,3
"gcc","lat","shuffled","btree8_bl_a64",131072,96.4874,94.7266,97.9446,3
"clang","tput","shuffled","btree8_bl_a64",131072,53.891,51.1093,55.4306,3
"gcc","tput","shuffled","btree8_bl_a64",131072,57.3013,54.1962,59.7824,3
"gcc","lat","blocked","fusion16_w",131072,122.5906,120.5215,125.7645,3
"gcc","tput","blocked","fusion16_w",131072,116.2094,107.9727,124.585,3
"clang","lat","shuffled","fusion16_w",131072,174.8169,164.4608,179.0359,3
"gcc","lat","shuffled","fusion16_w",131072,160.1974,155.0247,162.265,3
"clang","tput","shuffled","fusion16_w",131072,140.9897,135.6186,156.0028,3
"gcc","tput","shuffled","fusion16_w",131072,139.7858,134.3414,141.5436,3
"gcc","lat","blocked","fusion8",131072,120.0974,115.6799,120.9015,3
"gcc","tput","blocked","fusion8",131072,110.9726,109.0271,156.0867,3
"clang","lat","shuffled","fusion8",131072,182.9437,163.53,197.1466,3
"gcc","lat","shuffled","fusion8",131072,162.1582,155.0507,162.6709,3
"clang","tput","shuffled","fusion8",131072,158.4122,149.8749,170.5841,3
"gcc","tput","shuffled","fusion8",131072,147.9813,138.4155,150.3845,3
"gcc","lat","blocked","fusion8_bf",131072,124.9557,122.998,127.1408,3
"gcc","tput","blocked","fusion8_bf",131072,120.3033,111.9492,160.5072,3
"clang","lat","shuffled","fusion8_bf",131072,191.8945,165.9241,192.9947,3
"gcc","lat","shuffled","fusion8_bf",131072,164.5905,162.0117,169.0826,3
"clang","tput","shuffled","fusion8_bf",131072,153.595,149.8734,169.1635,3
"gcc","tput","shuffled","fusion8_bf",131072,158.0505,145.7108,158.6929,3
"gcc","lat","blocked","fusion8_c",131072,115.8829,114.5554,116.7526,3
"gcc","tput","blocked","fusion8_c",131072,110.5103,104.39,122.5555,3
"clang","lat","shuffled","fusion8_c",131072,159.0439,150.1602,165.5914,3
"gcc","lat","shuffled","fusion8_c",131072,157.077,151.5442,159.343,3
"clang","tput","shuffled","fusion8_c",131072,134.8602,131.3339,159.7382,3
"gcc","tput","shuffled","fusion8_c",131072,146.7682,136.2427,152.063,3
"gcc","lat","blocked","sorted_array",131072,57.0709,56.9534,58.2916,3
"gcc","tput","blocked","sorted_array",131072,26.4511,25.885,26.4908,3
"clang","lat","shuffled","sorted_array",131072,82.7225,82.6019,83.4671,3
"gcc","lat","shuffled","sorted_array",131072,62.0132,61.5616,62.0743,3
"clang","tput","shuffled","sorted_array",131072,83.9813,83.8867,84.6008,3
"gcc","tput","shuffled","sorted_array",131072,29.5013,27.9236,29.6539,3
"gcc","lat","blocked","btree16_bl_a64",262144,77.3926,76.9104,90.8524,3
"gcc","tput","blocked","btree16_bl_a64",262144,38.9175,37.8098,47.197,3
"clang","lat","shuffled","btree16_bl_a64",262144,173.7961,167.334,193.9514,3
"gcc","lat","shuffled","btree16_bl_a64",262144,142.5262,137.4573,154.3335,3
"clang","tput","shuffled","btree16_bl_a64",262144,64.8727,58.696,65.0726,3
"gcc","tput","shuffled","btree16_bl_a64",262144,67.1539,66.0065,68.3701,3
"gcc","lat","blocked","btree8",262144,73.8358,73.0072,73.9227,3
"gcc","tput","blocked","btree8",262144,74.0356,72.6181,74.379,3
"clang","lat","shuffled","btree8",262144,105.7892,105.571,120.0027,3
"gcc","lat","shuffled","btree8",262144,95.4361,92.7261,102.0386,3
"clang","tput","shuffled","btree8",262144,97.8592,89.4882,98.999,3
"gcc","tput","shuffled","btree8",262144,90.9134,88.2858,93.4235,3
"gcc","lat","blocked","btree8_a64",262144,72.3129,71.9101,74.2157,3
"gcc","tput","blocked","btree8_a64",262144,73.2864,71.936,73.674,3
"clang","lat","shuffled","btree8_a64",262144,114.4058,109.9396,128.1723,3
"gcc","lat","shuffled","btree8_a64",262144,98.1033,97.6791,102.2202,3
"clang","tput","shuffled","btree8_a64",262144,101.4999,89.5493,105.7465,3
"gcc","tput","shuffled","btree8_a64",262144,94.9585,90.9943,95.7001,3
"gcc","lat","blocked","btree8_bl",262144,65.9576,65.5212,67.1814,3
"gcc","tput","blocked","btree8_bl",262144,31.8817,31.868,32.6187,3
"clang","lat","shuffled","btree8_bl",262144,125.0259,121.4783,142.3401,3
"gcc","lat","shuffled","btree8_bl",262144,100.0214,98.5474,112.5458,3
"clang","tput","shuffled","btree8_bl",262144,48.1079,44.6014,48.5519,3
"gcc","tput","shuffled","btree8_bl",262144,49.9557,49.6613,51.9867,3
"gcc","lat","blocked","btree8_bl_a64",262144,62.1674,62.059,63.8687,3
"gcc","tput","blocked","btree8_bl_a64",262144,29.3259,29.2175,29.7287,3
"clang","lat","shuffled","btree8_bl_a64",262144,128.4607,123.6542,143.7958,3
"gcc","lat","shuffled","btree8_bl_a64",262144,111.2839,106.3248,121.8597,3
"clang","tput","shuffled","btree8_bl_a64",262144,48.7442,44.3451,48.8724,3
"gcc","tput","shuffled","btree8_bl_a64",262144,53.8986,50.6332,54.3655,3
"gcc","lat","blocked","fusion16_w",262144,141.7297,139.9368,155.6076,3
"gcc","tput","blocked","fusion16_w",262144,144.2932,133.2901,153.0426,3
"clang","lat","shuffled","fusion16_w",262144,230.5161,221.4905,267.1173,3
"gcc","lat","shuffled","fusion16_w",262144,193.5669,188.4918,209.6329,3
"clang","tput","shuffled","fusion16_w",262144,181.2378,159.0073,181.7825,3
"gcc","tput","shuffled","fusion16_w",262144,164.0274,159.2606,166.9449,3
"gcc","lat","blocked","fusion8",262144,123.5336,122.1054,127.6215,3
"gcc","tput","blocked","fusion8",262144,118.4891,116.2857,134.0759,3
"clang","lat","shuffled","fusion8",262144,211.1496,193.3136,238.0417,3
"gcc","lat","shuffled","fusion8",262144,171.434,164.8666,184.9075,3
"clang","tput","shuffled","fusion8",262144,193.9011,152.2079,199.2462,3
"gcc","tput","shuffled","fusion8",262144,153.7155,150.3799,161.3739,3
"gcc","lat","blocked","fusion8_bf",262144,133.4473,129.7745,135.8917,3
"gcc","tput","blocked","fusion8_bf",262144,123.4512,116.5283,130.8807,3
"clang","lat","shuffled","fusion8_bf",262144,208.6151,192.5415,236.1435,3
"gcc","lat","shuffled","fusion8_bf",262144,178.7491,171.1426,189.3631,3
"clang","tput","shuffled","fusion8_bf",262144,194.9127,159.108,196.4584,3
"gcc","tput","shuffled","fusion8_bf",262144,161.5311,150.3738,165.1459,3
"gcc","lat","blocked","fusion8_c",262144,123.2895,119.7632,127.0157,3
"gcc","tput","blocked","fusion8_c",262144,115.3259,109.5642,118.0389,3
"clang","lat","shuffled","fusion8_c",262144,182.7805,169.5007,200.2884,3
"gcc","lat","shuffled","fusion8_c",262144,157.5745,151.6403,173.0408,3
"clang","tput","shuffled","fusion8_c",262144,162.709,137.9318,168.7073,3
"gcc","tput","shuffled","fusion8_c",262144,149.8367,141.8152,151.0468,3
"gcc","lat","blocked","sorted_array",262144,66.7007,66.0416,67.4316,3
"gcc","tput","blocked","sorted_array",262144,31.839,31.221,31.9107,3
"clang","lat","shuffled","sorted_array",262144,93.4769,93.4647,95.1706,3
"gcc","lat","shuffled","sorted_array",262144,77.6535,75.0961,78.9398,3
"clang","tput","shuffled","sorted_array",262144,94.8761,93.4784,94.9768,3
"gcc","tput","shuffled","sorted_array",262144,36.9324,35.849,37.8662,3
"gcc","lat","blocked","btree16_bl_a64",524288,79.2542,79.0924,93.2724,3
"gcc","tput","blocked","btree16_bl_a64",524288,37.8021,33.8531,44.0186,3
"clang","lat","shuffled","btree16_bl_a64",524288,173.1903,163.2477,222.4792,3
"gcc","lat","shuffled","btree16_bl_a64",524288,153.157,153.0472,154.1672,3
"clang","tput","shuffled","btree16_bl_a64",524288,58.4198,55.1483,58.9279,3
"gcc","tput","shuffled","btree16_bl_a64",524288,63.6139,63.2629,64.1876,3
"gcc","lat","blocked","btree8",524288,74.0524,73.6267,74.0799,3
"gcc","tput","blocked","btree8",524288,74.9435,73.4497,76.1429,3
"clang","lat","shuffled","btree8",524288,107.1594,98.1033,127.4933,3
"gcc","lat","shuffled","btree8",524288,97.4838,95.6635,101.7197,3
"clang","tput","shuffled","btree8",524288,98.2056,90.8875,99.1714,3
"gcc","tput","shuffled","btree8",524288,91.185,89.4638,93.222,3
"gcc","lat","blocked","btree8_a64",524288,73.9136,73.0957,74.614,3
"gcc","tput","blocked","btree8_a64",524288,74.0646,72.1237,74.5682,3
"clang","lat","shuffled","btree8_a64",524288,111.1145,104.1687,128.6026,3
"gcc","lat","shuffled","btree8_a64",524288,101.889,99.118,101.9882,3
"clang","tput","shuffled","btree8_a64",524288,99.3378,91.9739,100.4608,3
"gcc","tput","shuffled","btree8_a64",524288,93.1427,93.1046,97.7524,3
"gcc","lat","blocked","btree8_bl",524288,67.0731,65.9302,67.9581,3
"gcc","tput","blocked","btree8_bl",524288,27.8259,27.7527,27.9617,3
"clang","lat","shuffled","btree8_bl",524288,123.6603,112.0834,147.2198,3
"gcc","lat","shuffled","btree8_bl",524288,106.0455,100.2518,113.5742,3
"clang","tput","shuffled","btree8_bl",524288,43.8904,39.1373,44.0445,3
"gcc","tput","shuffled","btree8_bl",524288,46.1426,44.5984,46.6248,3
"gcc","lat","blocked","btree8_bl_a64",524288,62.7762,61.5677,63.8199,3
"gcc","tput","blocked","btree8_bl_a64",524288,25.6683,25.4684,26.0574,3
"clang","lat","shuffled","btree8_bl_a64",524288,126.8433,116.0828,158.7082,3
"gcc","lat","shuffled","btree8_bl_a64",524288,112.6205,111.6608,122.2244,3
"clang","tput","shuffled","btree8_bl_a64",524288,42.9184,38.6551,45.1004,3
"gcc","tput","shuffled","btree8_bl_a64",524288,50.1923,47.8622,51.0483,3
"gcc","lat","blocked","fusion16_w",524288,162.0636,152.9205,173.2559,3
"gcc","tput","blocked","fusion16_w",524288,161.3541,137.4283,162.3276,3
"clang","lat","shuffled","fusion16_w",524288,239.4287,229.4464,284.5078,3
"gcc","lat","shuffled","fusion16_w",524288,218.1656,215.7364,222.11,3
"clang","tput","shuffled","fusion16_w",524288,179.9652,171.2509,188.4094,3
"gcc","tput","shuffled","fusion16_w",524288,167.5095,165.6418,169.4458,3
"gcc","lat","blocked","fusion8",524288,126.7395,122.5113,130.2597,3
"gcc","tput","blocked","fusion8",524288,121.0953,113.4735,135.9741,3
"clang","lat","shuffled","fusion8",524288,197.2427,177.3361,247.403,3
"gcc","lat","shuffled","fusion8",524288,169.2673,166.6794,180.011,3
"clang","tput","shuffled","fusion8",524288,180.0919,159.0424,199.4736,3
"gcc","tput","shuffled","fusion8",524288,150.7401,149.4476,155.9006,3
"gcc","lat","blocked","fusion8_bf",524288,134.9396,132.9773,141.2354,3
"gcc","tput","blocked","fusion8_bf",524288,129.2221,116.1926,139.6744,3
"clang","lat","shuffled","fusion8_bf",524288,205.957,182.4646,273.3475,3
"gcc","lat","shuffled","fusion8_bf",524288,179.8843,176.2802,183.7418,3
"clang","tput","shuffled","fusion8_bf",524288,176.9836,153.7918,190.1566,3
"gcc","tput","shuffled","fusion8_bf",524288,153.4576,153.3539,157.7606,3
"gcc","lat","blocked","fusion8_c",524288,122.4045,122.3114,126.4526,3
"gcc","tput","blocked","fusion8_c",524288,112.2528,107.6202,115.9882,3
"clang","lat","shuffled","fusion8_c",524288,175.5585,159.903,209.4849,3
"gcc","lat","shuffled","fusion8_c",524288,156.5277,154.4937,160.6171,3
"clang","tput","shuffled","fusion8_c",524288,155.6244,137.381,160.9436,3
"gcc","tput","shuffled","fusion8_c",524288,140.7364,136.3617,141.6412,3
"gcc","lat","blocked","sorted_array",524288,105.9265,105.6305,107.1457,3
"gcc","tput","blocked","sorted_array",524288,52.1851,51.6769,52.5558,3
"clang","lat","shuffled","sorted_array",524288,120.4132,118.0862,124.7345,3
"gcc","lat","shuffled","sorted_array",524288,121.138,119.101,122.9187,3
"clang","tput","shuffled","sorted_array",524288,119.5404,119.4382,121.0648,3
"gcc","tput","shuffled","sorted_array",524288,59.8541,59.1537,60.3149,3
"gcc","lat","blocked","btree16_bl_a64",1048576,79.5715,78.7888,96.051,3
"gcc","tput","blocked","btree16_bl_a64",1048576,34.0714,33.4229,37.7228,3
"clang","lat","shuffled","btree16_bl_a64",1048576,175.0488,158.8928,188.0615,3
"gcc","lat","shuffled","btree16_bl_a64",1048576,153.186,151.8173,155.2536,3
"clang","tput","shuffled","btree16_bl_a64",1048576,54.8889,53.4927,57.5668,3
"gcc","tput","shuffled","btree16_bl_a64",1048576,63.6459,63.4781,64.2563,3
"gcc","lat","blocked","btree8",1048576,175.0809,161.5799,202.7878,3
"gcc","tput","blocked","btree8",1048576,149.1119,148.3582,200.6531,3
"clang","lat","shuffled","btree8",1048576,273.5672,258.5983,295.871,3
"gcc","lat","shuffled","btree8",1048576,240.6784,240.5045,246.7468,3
"clang","tput","shuffled","btree8",1048576,233.078,229.0085,259.5779,3
"gcc","tput","shuffled","btree8",1048576,220.9015,216.8854,221.8384,3
"gcc","lat","blocked","btree8_a64",1048576,164.5248,156.0028,206.7413,3
"gcc","tput","blocked","btree8_a64",1048576,147.081,143.4006,208.725,3
"clang","lat","shuffled","btree8_a64",1048576,271.6476,261.5677,305.0522,3
"gcc","lat","shuffled","btree8_a64",1048576,244.8776,243.3563,249.0036,3
"clang","tput","shuffled","btree8_a64",1048576,234.9228,232.0251,255.4794,3
"gcc","tput","shuffled","btree8_a64",1048576,222.2992,220.7108,225.4791,3
"gcc","lat","blocked","btree8_bl",1048576,146.0266,142.7185,182.1686,3
"gcc","tput","blocked","btree8_bl",1048576,85.6796,84.9487,100.9216,3
"clang","lat","shuffled","btree8_bl",1048576,247.1313,229.628,276.0239,3
"gcc","lat","shuffled","btree8_bl",1048576,220.1294,220.0256,226.709,3
"clang","tput","shuffled","btree8_bl",1048576,104.6783,102.1301,108.8165,3
"gcc","tput","shuffled","btree8_bl",1048576,119.2337,117.8558,120.6482,3
"gcc","lat","blocked","btree8_bl_a64",1048576,122.4731,119.8425,158.0536,3
"gcc","tput","blocked","btree8_bl_a64",1048576,73.9792,73.7305,91.6428,3
"clang","lat","shuffled","btree8_bl_a64",1048576,241.1606,229.7531,246.0648,3
"gcc","lat","shuffled","btree8_bl_a64",1048576,213.0402,211.6852,215.9637,3
"clang","tput","shuffled","btree8_bl_a64",1048576,98.6298,97.554,104.9637,3
"gcc","tput","shuffled","btree8_bl_a64",1048576,126.6098,124.9954,131.3934,3
"gcc","lat","blocked","fusion16_w",1048576,160.6155,158.992,183.5175,3
"gcc","tput","blocked","fusion16_w",1048576,130.5527,128.7521,144.6548,3
"clang","lat","shuffled","fusion16_w",1048576,249.0829,237.7243,254.3488,3
"gcc","lat","shuffled","fusion16_w",1048576,227.6917,224.4965,231.5857,3
"clang","tput","shuffled","fusion16_w",1048576,175.5997,172.7112,186.7966,3
"gcc","tput","shuffled","fusion16_w",1048576,170.2927,170.2362,170.9137,3
"gcc","lat","blocked","fusion8",1048576,267.186,252.6688,303.9581,3
"gcc","tput","blocked","fusion8",1048576,243.5684,238.1378,310.1364,3
"clang","lat","shuffled","fusion8",1048576,387.3642,352.9419,395.7748,3
"gcc","lat","shuffled","fusion8",1048576,332.2144,325.5356,334.8358,3
"clang","tput","shuffled","fusion8",1048576,341.5497,324.292,366.4398,3
"gcc","tput","shuffled","fusion8",1048576,309.2636,307.0129,315.0589,3
"gcc","lat","blocked","fusion8_bf",1048576,273.5764,270.2713,317.5858,3
"gcc","tput","blocked","fusion8_bf",1048576,246.9955,246.3181,319.4183,3
"clang","lat","shuffled","fusion8_bf",1048576,393.8538,350.6577,400.4623,3
"gcc","lat","shuffled","fusion8_bf",1048576,340.4861,338.5254,346.8246,3
"clang","tput","shuffled","fusion8_bf",1048576,336.9095,319.0048,367.0364,3
"gcc","tput","shuffled","fusion8_bf",1048576,327.2949,319.2688,328.1784,3
"gcc","lat","blocked","fusion8_c",1048576,219.4107,217.4332,269.8135,3
"gcc","tput","blocked","fusion8_c",1048576,213.5681,209.9228,252.2598,3
"clang","lat","shuffled","fusion8_c",1048576,337.5336,319.3481,340.3107,3
"gcc","lat","shuffled","fusion8_c",1048576,309.7397,307.9742,314.238,3
"clang","tput","shuffled","fusion8_c",1048576,306.4529,300.7278,334.9579,3
"gcc","tput","shuffled","fusion8_c",1048576,304.6524,296.0709,306.3248,3
"gcc","lat","blocked","sorted_array",1048576,166.8457,164.4287,172.908,3
"gcc","tput","blocked","sorted_array",1048576,86.7416,86.4761,86.9202,3
"clang","lat","shuffled","sorted_array",1048576,168.6386,164.8987,200.354,3
"gcc","lat","shuffled","sorted_array",1048576,206.2119,204.7714,207.3593,3
"clang","tput","shuffled","sorted_array",1048576,177.536,168.306,188.855,3
"gcc","tput","shuffled","sorted_array",1048576,101.1047,100.2975,101.5976,3
"gcc","lat","blocked","btree16_bl_a64",2097152,211.1465,181.3248,226.8311,3
"gcc","tput","blocked","btree16_bl_a64",2097152,103.1876,97.4442,134.584,3
"clang","lat","shuffled","btree16_bl_a64",2097152,240.6998,236.7249,242.4927,3
"gcc","lat","shuffled","btree16_bl_a64",2097152,250.8987,239.2151,259.0546,3
"clang","tput","shuffled","btree16_bl_a64",2097152,116.2582,115.9622,124.353,3
"gcc","tput","shuffled","btree16_bl_a64",2097152,126.1063,123.0408,131.7551,3
"gcc","lat","blocked","btree8",2097152,187.97,175.0549,228.6102,3
"gcc","tput","blocked","btree8",2097152,215.2344,163.3759,362.9425,3
"clang","lat","shuffled","btree8",2097152,265.8615,259.6954,269.0628,3
"gcc","lat","shuffled","btree8",2097152,260.2737,254.0741,279.8599,3
"clang","tput","shuffled","btree8",2097152,240.1215,239.3829,257.4066,3
"gcc","tput","shuffled","btree8",2097152,233.9172,230.5756,235.0861,3
"gcc","lat","blocked","btree8_a64",2097152,176.6968,171.6507,227.7252,3
"gcc","tput","blocked","btree8_a64",2097152,170.3857,165.9576,253.624,3
"clang","lat","shuffled","btree8_a64",2097152,266.2613,261.8774,266.6977,3
"gcc","lat","shuffled","btree8_a64",2097152,264.1907,255.9738,275.5844,3
"clang","tput","shuffled","btree8_a64",2097152,241.8854,240.0742,257.9071,3
"gcc","tput","shuffled","btree8_a64",2097152,234.7321,229.0131,234.7748,3
"gcc","lat","blocked","btree8_bl",2097152,175.1083,155.04,241.0736,3
"gcc","tput","blocked","btree8_bl",2097152,87.4649,83.5419,109.0027,3
"clang","lat","shuffled","btree8_bl",2097152,283.8959,277.2598,287.735,3
"gcc","lat","shuffled","btree8_bl",2097152,275.8865,275.6104,305.1224,3
"clang","tput","shuffled","btree8_bl",2097152,95.7001,95.4422,99.8611,3
"gcc","tput","shuffled","btree8_bl",2097152,123.5138,120.9915,124.4308,3
"gcc","lat","blocked","btree8_bl_a64",2097152,144.8975,128.1509,219.6793,3
"gcc","tput","blocked","btree8_bl_a64",2097152,66.4566,66.3467,103.3951,3
"clang","lat","shuffled","btree8_bl_a64",2097152,273.5733,269.1788,276.21,3
"gcc","lat","shuffled","btree8_bl_a64",2097152,265.918,262.3962,290.2863,3
"clang","tput","shuffled","btree8_bl_a64",2097152,93.0496,90.6525,95.6192,3
"gcc","tput","shuffled","btree8_bl_a64",2097152,121.3547,117.3599,121.431,3
"gcc","lat","blocked","fusion16_w",2097152,303.2761,266.0919,305.925,3
"gcc","tput","blocked","fusion16_w",2097152,257.6324,227.1973,288.5269,3
"clang","lat","shuffled","fusion16_w",2097152,352.6688,352.507,353.0472,3
"gcc","lat","shuffled","fusion16_w",2097152,356.0669,330.4321,362.294,3
"clang","tput","shuffled","fusion16_w",2097152,326.4984,319.87,343.2068,3
"gcc","tput","shuffled","fusion16_w",2097152,292.1844,281.4056,301.619,3
"gcc","lat","blocked","fusion8",2097152,322.9431,286.3998,351.6464,3
"gcc","tput","blocked","fusion8",2097152,291.0019,265.947,319.5816,3
"clang","lat","shuffled","fusion8",2097152,358.931,357.1106,359.0759,3
"gcc","lat","shuffled","fusion8",2097152,363.4338,351.4984,393.1381,3
"clang","tput","shuffled","fusion8",2097152,341.2613,339.5645,382.5455,3
"gcc","tput","shuffled","fusion8",2097152,339.2151,333.4427,347.67,3
"gcc","lat","blocked","fusion8_bf",2097152,339.92,296.5683,340.332,3
"gcc","tput","blocked","fusion8_bf",2097152,305.1117,255.2734,347.258,3
"clang","lat","shuffled","fusion8_bf",2097152,367.8986,358.7799,371.0938,3
"gcc","lat","shuffled","fusion8_bf",2097152,370.1233,364.0396,414.5691,3
"clang","tput","shuffled","fusion8_bf",2097152,345.3629,344.6243,375.679,3
"gcc","tput","shuffled","fusion8_bf",2097152,346.8384,329.2343,350.798,3
"gcc","lat","blocked","fusion8_c",2097152,285.3592,234.2941,294.9265,3
"gcc","tput","blocked","fusion8_c",2097152,231.369,227.7985,333.0917,3
"clang","lat","shuffled","fusion8_c",2097152,337.6617,329.4556,338.2965,3
"gcc","lat","shuffled","fusion8_c",2097152,339.357,331.0196,371.2204,3
"clang","tput","shuffled","fusion8_c",2097152,318.2724,312.149,342.0486,3
"gcc","tput","shuffled","fusion8_c",2097152,315.6982,308.8608,319.8715,3
"gcc","lat","blocked","sorted_array",2097152,227.887,211.7767,251.5732,3
"gcc","tput","blocked","sorted_array",2097152,118.2632,117.1219,171.7804,3
"clang","lat","shuffled","sorted_array",2097152,252.8351,228.8467,304.2496,3
"gcc","lat","shuffled","sorted_array",2097152,302.0386,298.8327,355.6381,3
"clang","tput","shuffled","sorted_array",2097152,262.0209,230.0293,265.5502,3
"gcc","tput","shuffled","sorted_array",2097152,144.043,143.4509,146.6019,3
"gcc","lat","blocked","btree16_bl_a64",4194304,263.8107,263.4949,308.2275,3
"gcc","tput","blocked","btree16_bl_a64",4194304,122.9462,111.5646,310.1334,3
"clang","lat","shuffled","btree16_bl_a64",4194304,334.5383,331.2347,376.2024,3
"gcc","lat","shuffled","btree16_bl_a64",4194304,332.724,330.0049,351.2192,3
"clang","tput","shuffled","btree16_bl_a64",4194304,133.0261,132.8461,134.6848,3
"gcc","tput","shuffled","btree16_bl_a64",4194304,138.8596,137.1338,139.8071,3
"gcc","lat","blocked","btree8",4194304,212.2238,190.062,224.2157,3
"gcc","tput","blocked","btree8",4194304,186.4334,166.6901,302.5223,3
"clang","lat","shuffled","btree8",4194304,271.2021,268.2205,292.1112,3
"gcc","lat","shuffled","btree8",4194304,266.011,260.1105,283.2855,3
"clang","tput","shuffled","btree8",4194304,246.9254,244.2032,258.5983,3
"gcc","tput","shuffled","btree8",4194304,241.1926,237.4283,243.985,3
"gcc","lat","blocked","btree8_a64",4194304,183.9264,173.1308,220.2927,3
"gcc","tput","blocked","btree8_a64",4194304,201.3672,162.9166,295.8267,3
"clang","lat","shuffled","btree8_a64",4194304,271.4722,269.4839,283.5556,3
"gcc","lat","shuffled","btree8_a64",4194304,261.6409,260.8612,277.7267,3
"clang","tput","shuffled","btree8_a64",4194304,250.3143,245.0333,252.8061,3
"gcc","tput","shuffled","btree8_a64",4194304,245.517,240.0711,247.7875,3
"gcc","lat","blocked","btree8_bl",4194304,180.69,172.7066,227.2873,3
"gcc","tput","blocked","btree8_bl",4194304,78.0136,70.1248,96.4676,3
"clang","lat","shuffled","btree8_bl",4194304,290.5807,287.8845,327.4719,3
"gcc","lat","shuffled","btree8_bl",4194304,280.8609,278.5492,299.0891,3
"clang","tput","shuffled","btree8_bl",4194304,91.2003,91.185,94.0903,3
"gcc","tput","shuffled","btree8_bl",4194304,113.6063,109.7702,115.2802,3
"gcc","lat","blocked","btree8_bl_a64",4194304,142.3309,135.26,208.0963,3
"gcc","tput","blocked","btree8_bl_a64",4194304,73.7579,59.6924,236.7279,3
"clang","lat","shuffled","btree8_bl_a64",4194304,279.3106,277.5208,312.9105,3
"gcc","lat","shuffled","btree8_bl_a64",4194304,272.8271,271.3806,283.992,3
"clang","tput","shuffled","btree8_bl_a64",4194304,87.1429,86.0733,87.7502,3
"gcc","tput","shuffled","btree8_bl_a64",4194304,115.4068,109.7092,116.7038,3
"gcc","lat","blocked","fusion16_w",4194304,334.4086,322.1985,364.4379,3
"gcc","tput","blocked","fusion16_w",4194304,291.1011,259.9045,318.2846,3
"clang","lat","shuffled","fusion16_w",4194304,419.4687,415.2771,462.0972,3
"gcc","lat","shuffled","fusion16_w",4194304,395.0592,391.2186,434.6313,3
"clang","tput","shuffled","fusion16_w",4194304,363.9145,362.2406,381.424,3
"gcc","tput","shuffled","fusion16_w",4194304,332.8598,319.5099,355.1407,3
"gcc","lat","blocked","fusion8",4194304,306.0364,289.032,332.7377,3
"gcc","tput","blocked","fusion8",4194304,302.356,259.7672,454.2847,3
"clang","lat","shuffled","fusion8",4194304,364.859,364.0289,410.3287,3
"gcc","lat","shuffled","fusion8",4194304,365.1291,358.2001,389.7736,3
"clang","tput","shuffled","fusion8",4194304,351.6922,344.9463,352.2339,3
"gcc","tput","shuffled","fusion8",4194304,341.1194,327.0752,342.0044,3
"gcc","lat","blocked","fusion8_bf",4194304,328.6865,306.2149,347.5388,3
"gcc","tput","blocked","fusion8_bf",4194304,311.6745,263.3469,591.5237,3
"clang","lat","shuffled","fusion8_bf",4194304,373.674,365.9271,415.8691,3
"gcc","lat","shuffled","fusion8_bf",4194304,375.3555,367.6254,394.5465,3
"clang","tput","shuffled","fusion8_bf",4194304,348.2346,347.2855,365.86,3
"gcc","tput","shuffled","fusion8_bf",4194304,344.7189,333.5831,347.8928,3
"gcc","lat","blocked","fusion8_c",4194304,247.403,237.8876,297.7463,3
"gcc","tput","blocked","fusion8_c",4194304,255.1468,228.4241,275.0305,3
"clang","lat","shuffled","fusion8_c",4194304,342.2867,336.7386,368.6096,3
"gcc","lat","shuffled","fusion8_c",4194304,340.5167,338.9999,349.025,3
"clang","tput","shuffled","fusion8_c",4194304,315.5289,313.7695,325.2121,3
"gcc","tput","shuffled","fusion8_c",4194304,312.3901,304.7073,318.4402,3
"gcc","lat","blocked","sorted_array",4194304,485.1547,428.3325,487.8647,3
"gcc","tput","blocked","sorted_array",4194304,228.714,209.2224,264.9353,3
"clang","lat","shuffled","sorted_array",4194304,392.5858,356.6025,404.01,3
"gcc","lat","shuffled","sorted_array",4194304,528.2394,518.6844,540.3946,3
"clang","tput","shuffled","sorted_array",4194304,349.4156,347.2443,358.7341,3
"gcc","tput","shuffled","sorted_array",4194304,238.2263,230.6747,254.3106,3
"gcc","lat","blocked","btree16_bl_a64",8388608,308.8623,306.4804,332.6279,3
"gcc","tput","blocked","btree16_bl_a64",8388608,113.5834,107.5119,114.4287,3
"clang","lat","shuffled","btree16_bl_a64",8388608,352.2476,349.8245,430.751,3
"gcc","lat","shuffled","btree16_bl_a64",8388608,354.4952,353.0426,368.5333,3
"clang","tput","shuffled","btree16_bl_a64",8388608,129.0543,127.8061,129.6478,3
"gcc","tput","shuffled","btree16_bl_a64",8388608,135.1486,134.3597,139.1235,3
"gcc","lat","blocked","btree8",8388608,351.1353,316.2079,371.0663,3
"gcc","tput","blocked","btree8",8388608,315.773,283.136,368.6523,3
"clang","lat","shuffled","btree8",8388608,424.5453,416.0034,542.8421,3
"gcc","lat","shuffled","btree8",8388608,412.5443,405.0613,420.282,3
"clang","tput","shuffled","btree8",8388608,390.7684,384.7015,394.693,3
"gcc","tput","shuffled","btree8",8388608,379.2038,373.2162,394.4977,3
"gcc","lat","blocked","btree8_a64",8388608,371.9254,344.1879,380.0186,3
"gcc","tput","blocked","btree8_a64",8388608,293.6508,274.8108,325.5615,3
"clang","lat","shuffled","btree8_a64",8388608,418.9651,416.8182,502.7756,3
"gcc","lat","shuffled","btree8_a64",8388608,411.3861,400.8881,431.6605,3
"clang","tput","shuffled","btree8_a64",8388608,392.2821,381.7551,394.2581,3
"gcc","tput","shuffled","btree8_a64",8388608,377.6291,376.5228,391.5848,3
"gcc","lat","blocked","btree8_bl",8388608,340.3717,309.6252,366.687,3
"gcc","tput","blocked","btree8_bl",8388608,143.0649,140.3152,152.4796,3
"clang","lat","shuffled","btree8_bl",8388608,411.8362,400.3922,518.5883,3
"gcc","lat","shuffled","btree8_bl",8388608,398.1277,390.6296,450.1205,3
"clang","tput","shuffled","btree8_bl",8388608,158.2825,154.7958,158.5007,3
"gcc","tput","shuffled","btree8_bl",8388608,217.5232,208.6594,224.9084,3
"gcc","lat","blocked","btree8_bl_a64",8388608,302.3438,300.1846,326.0925,3
"gcc","tput","blocked","btree8_bl_a64",8388608,127.71,120.668,135.0174,3
"clang","lat","shuffled","btree8_bl_a64",8388608,393.0344,385.379,462.6678,3
"gcc","lat","shuffled","btree8_bl_a64",8388608,378.3966,364.6805,400.8011,3
"clang","tput","shuffled","btree8_bl_a64",8388608,147.5372,146.46,149.8734,3
"gcc","tput","shuffled","btree8_bl_a64",8388608,175.5051,170.4666,193.2068,3
"gcc","lat","blocked","fusion16_w",8388608,393.1564,392.9901,393.7027,3
"gcc","tput","blocked","fusion16_w",8388608,276.6113,266.8732,288.5605,3
"clang","lat","shuffled","fusion16_w",8388608,438.1516,437.944,492.3386,3
"gcc","lat","shuffled","fusion16_w",8388608,429.0527,427.2156,434.8892,3
"clang","tput","shuffled","fusion16_w",8388608,354.4586,351.8768,365.3275,3
"gcc","tput","shuffled","fusion16_w",8388608,344.3436,335.6125,374.9588,3
"gcc","lat","blocked","fusion8",8388608,476.0452,471.6873,495.2896,3
"gcc","tput","blocked","fusion8",8388608,465.1459,431.8756,466.745,3
"clang","lat","shuffled","fusion8",8388608,530.7816,526.5961,649.4949,3
"gcc","lat","shuffled","fusion8",8388608,533.1711,521.1609,553.6499,3
"clang","tput","shuffled","fusion8",8388608,519.2612,502.6581,527.3849,3
"gcc","tput","shuffled","fusion8",8388608,513.4308,498.0606,523.7732,3
"gcc","lat","blocked","fusion8_bf",8388608,514.9994,468.8965,538.4323,3
"gcc","tput","blocked","fusion8_bf",8388608,473.0927,441.5604,497.7524,3
"clang","lat","shuffled","fusion8_bf",8388608,543.4219,540.6509,664.0945,3
"gcc","lat","shuffled","fusion8_bf",8388608,566.7099,543.1839,570.2515,3
"clang","tput","shuffled","fusion8_bf",8388608,526.6205,516.3391,540.6006,3
"gcc","tput","shuffled","fusion8_bf",8388608,530.9555,518.5837,550.0748,3
"gcc","lat","blocked","fusion8_c",8388608,460.6537,445.3934,461.3113,3
"gcc","tput","blocked","fusion8_c",8388608,428.1952,376.1322,454.1687,3
"clang","lat","shuffled","fusion8_c",8388608,501.5793,493.7607,563.3133,3
"gcc","lat","shuffled","fusion8_c",8388608,504.8645,501.8951,518.4509,3
"clang","tput","shuffled","fusion8_c",8388608,480.0995,471.8903,487.8723,3
"gcc","tput","shuffled","fusion8_c",8388608,483.3282,476.236,501.9669,3
"gcc","lat","blocked","sorted_array",8388608,861.8866,841.3681,885.0311,3
"gcc","tput","blocked","sorted_array",8388608,415.0208,412.8296,442.0822,3
"clang","lat","shuffled","sorted_array",8388608,640.4419,635.1913,644.78,3
"gcc","lat","shuffled","sorted_array",8388608,892.3172,886.879,945.5215,3
"clang","tput","shuffled","sorted_array",8388608,522.1268,519.1711,523.7625,3
"gcc","tput","shuffled","sorted_array",8388608,448.0148,437.1201,456.4606,3
"gcc","lat","blocked","btree16_bl_a64",16777216,312.3978,293.988,328.9261,3
"gcc","tput","blocked","btree16_bl_a64",16777216,105.2124,104.0405,116.2704,3
"clang","lat","shuffled","btree16_bl_a64",16777216,372.8668,359.4849,381.1539,3
"gcc","lat","shuffled","btree16_bl_a64",16777216,353.0014,339.9017,353.3585,3
"clang","tput","shuffled","btree16_bl_a64",16777216,132.7682,124.6521,132.9361,3
"gcc","tput","shuffled","btree16_bl_a64",16777216,134.2407,132.8247,136.4487,3
"gcc","lat","blocked","btree8",16777216,392.2012,376.7242,412.5229,3
"gcc","tput","blocked","btree8",16777216,338.2263,322.8226,360.7605,3
"clang","lat","shuffled","btree8",16777216,469.6045,457.9285,503.8742,3
"gcc","lat","shuffled","btree8",16777216,451.9974,436.3785,459.7488,3
"clang","tput","shuffled","btree8",16777216,484.9228,433.1146,489.2014,3
"gcc","tput","shuffled","btree8",16777216,399.6872,395.3522,426.3901,3
"gcc","lat","blocked","btree8_a64",16777216,384.2499,380.1422,408.313,3
"gcc","tput","blocked","btree8_a64",16777216,300.2243,287.0132,350.9216,3
"clang","lat","shuffled","btree8_a64",16777216,470.0531,454.9255,482.4768,3
"gcc","lat","shuffled","btree8_a64",16777216,452.5223,430.1392,454.3106,3
"clang","tput","shuffled","btree8_a64",16777216,486.1313,435.0845,501.6998,3
"gcc","tput","shuffled","btree8_a64",16777216,403.5919,393.483,417.5919,3
"gcc","lat","blocked","btree8_bl",16777216,400.5249,389.9612,434.4666,3
"gcc","tput","blocked","btree8_bl",16777216,143.0099,140.9546,159.9182,3
"clang","lat","shuffled","btree8_bl",16777216,488.4033,483.2642,511.4365,3
"gcc","lat","shuffled","btree8_bl",16777216,471.1105,453.1097,477.6352,3
"clang","tput","shuffled","btree8_bl",16777216,163.2431,156.0837,164.7537,3
"gcc","tput","shuffled","btree8_bl",16777216,187.4725,184.6741,214.5142,3
"gcc","lat","blocked","btree8_bl_a64",16777216,365.5411,352.3483,393.5959,3
"gcc","tput","blocked","btree8_bl_a64",16777216,141.9724,125.9232,145.5032,3
"clang","lat","shuffled","btree8_bl_a64",16777216,476.7075,468.0328,518.66,3
"gcc","lat","shuffled","btree8_bl_a64",16777216,451.9714,431.1142,454.4083,3
"clang","tput","shuffled","btree8_bl_a64",16777216,154.0039,147.2794,154.6616,3
"gcc","tput","shuffled","btree8_bl_a64",16777216,195.7596,192.0105,196.6095,3
"gcc","lat","blocked","fusion16_w",16777216,398.7839,365.6876,419.931,3
"gcc","tput","blocked","fusion16_w",16777216,297.1466,268.367,331.5811,3
"clang","lat","shuffled","fusion16_w",16777216,460.9756,449.6399,493.6249,3
"gcc","lat","shuffled","fusion16_w",16777216,438.2462,428.2471,449.4385,3
"clang","tput","shuffled","fusion16_w",16777216,389.2014,370.5536,394.043,3
"gcc","tput","shuffled","fusion16_w",16777216,348.9517,331.1127,374.9603,3
"gcc","lat","blocked","fusion8",16777216,513.7314,484.8679,535.2661,3
"gcc","tput","blocked","fusion8",16777216,483.1055,468.6386,493.3075,3
"clang","lat","shuffled","fusion8",16777216,600.5615,594.9722,639.4394,3
"gcc","lat","shuffled","fusion8",16777216,574.5743,553.5614,579.4495,3
"clang","tput","shuffled","fusion8",16777216,637.3505,571.1838,654.6051,3
"gcc","tput","shuffled","fusion8",16777216,564.6637,543.8385,592.1585,3
"gcc","lat","blocked","fusion8_bf",16777216,527.6672,503.0731,559.3582,3
"gcc","tput","blocked","fusion8_bf",16777216,472.4335,464.5584,505.3604,3
"clang","lat","shuffled","fusion8_bf",16777216,632.9208,592.9718,644.2947,3
"gcc","lat","shuffled","fusion8_bf",16777216,608.7341,574.7849,626.355,3
"clang","tput","shuffled","fusion8_bf",16777216,645.8939,577.3926,668.9072,3
"gcc","tput","shuffled","fusion8_bf",16777216,568.0756,545.7825,599.9405,3
"gcc","lat","blocked","fusion8_c",16777216,474.2126,440.6357,502.8458,3
"gcc","tput","blocked","fusion8_c",16777216,447.1115,409.1354,547.1207,3
"clang","lat","shuffled","fusion8_c",16777216,567.8146,538.3316,589.7751,3
"gcc","lat","shuffled","fusion8_c",16777216,531.5186,513.6078,535.8856,3
"clang","tput","shuffled","fusion8_c",16777216,596.8246,529.7607,597.1786,3
"gcc","tput","shuffled","fusion8_c",16777216,518.1839,510.8215,551.2543,3
"gcc","lat","blocked","sorted_array",16777216,1167.4728,1153.2623,1195.5734,3
"gcc","tput","blocked","sorted_array",16777216,584.5154,572.7234,584.5306,3
"clang","lat","shuffled","sorted_array",16777216,808.4885,803.4882,846.5164,3
"gcc","lat","shuffled","sorted_array",16777216,1193.4784,1170.7153,1211.6806,3
"clang","tput","shuffled","sorted_array",16777216,687.4649,655.5496,707.3654,3
"gcc","tput","shuffled","sorted_array",16777216,598.6404,597.3251,607.6172,3
"gcc","lat","blocked","btree16_bl_a64",33554432,442.6239,415.5075,511.3205,3
"gcc","tput","blocked","btree16_bl_a64",33554432,185.8002,183.6548,225.0793,3
"clang","lat","shuffled","btree16_bl_a64",33554432,521.0861,474.7177,532.2891,3
"gcc","lat","shuffled","btree16_bl_a64",33554432,496.756,495.9091,510.9161,3
"clang","tput","shuffled","btree16_bl_a64",33554432,213.1714,210.5347,214.0671,3
"gcc","tput","shuffled","btree16_bl_a64",33554432,253.3249,242.2821,253.3585,3
"gcc","lat","blocked","btree8",33554432,469.5282,388.7512,473.8586,3
"gcc","tput","blocked","btree8",33554432,378.5583,341.3055,417.7689,3
"clang","lat","shuffled","btree8",33554432,465.8524,439.711,475.5753,3
"gcc","lat","shuffled","btree8",33554432,467.572,453.8284,468.3777,3
"clang","tput","shuffled","btree8",33554432,449.8947,449.5529,462.4695,3
"gcc","tput","shuffled","btree8",33554432,442.099,434.5551,442.1707,3
"gcc","lat","blocked","btree8_a64",33554432,396.0617,384.4421,435.0998,3
"gcc","tput","blocked","btree8_a64",33554432,382.7179,322.0261,414.8621,3
"clang","lat","shuffled","btree8_a64",33554432,459.4315,439.3539,471.3287,3
"gcc","lat","shuffled","btree8_a64",33554432,451.7578,446.167,459.9319,3
"clang","tput","shuffled","btree8_a64",33554432,452.5818,442.1448,458.3267,3
"gcc","tput","shuffled","btree8_a64",33554432,443.7759,428.8177,448.1186,3
"gcc","lat","blocked","btree8_bl",33554432,396.254,389.1785,491.8091,3
"gcc","tput","blocked","btree8_bl",33554432,146.7056,137.0132,163.6139,3
"clang","lat","shuffled","btree8_bl",33554432,489.0182,466.7664,506.9183,3
"gcc","lat","shuffled","btree8_bl",33554432,474.649,465.0269,474.7543,3
"clang","tput","shuffled","btree8_bl",33554432,152.2644,151.384,156.3858,3
"gcc","tput","shuffled","btree8_bl",33554432,186.0413,182.5485,187.1735,3
"gcc","lat","blocked","btree8_bl_a64",33554432,376.6144,366.8671,457.0175,3
"gcc","tput","blocked","btree8_bl_a64",33554432,136.4182,115.9424,151.265,3
"clang","lat","shuffled","btree8_bl_a64",33554432,470.5185,446.8262,480.9052,3
"gcc","lat","shuffled","btree8_bl_a64",33554432,451.442,446.2143,466.6489,3
"clang","tput","shuffled","btree8_bl_a64",33554432,146.7743,144.0475,159.137,3
"gcc","tput","shuffled","btree8_bl_a64",33554432,186.2122,181.3202,189.743,3
"gcc","lat","blocked","fusion16_w",33554432,545.0729,518.9148,599.6017,3
"gcc","tput","blocked","fusion16_w",33554432,474.6246,422.7173,489.6683,3
"clang","lat","shuffled","fusion16_w",33554432,648.6237,604.364,703.4058,3
"gcc","lat","shuffled","fusion16_w",33554432,611.2183,601.0483,626.059,3
"clang","tput","shuffled","fusion16_w",33554432,623.0957,619.0399,680.2612,3
"gcc","tput","shuffled","fusion16_w",33554432,576.1322,564.3372,602.0615,3
"gcc","lat","blocked","fusion8",33554432,521.9788,501.976,596.3654,3
"gcc","tput","blocked","fusion8",33554432,532.3196,464.0472,533.9462,3
"clang","lat","shuffled","fusion8",33554432,607.8903,558.7204,626.1703,3
"gcc","lat","shuffled","fusion8",33554432,576.8387,575.1099,586.0855,3
"clang","tput","shuffled","fusion8",33554432,584.848,580.0919,599.1959,3
"gcc","tput","shuffled","fusion8",33554432,578.7949,551.506,579.4144,3
"gcc","lat","blocked","fusion8_bf",33554432,548.1171,520.2423,616.8594,3
"gcc","tput","blocked","fusion8_bf",33554432,549.9634,475.4959,555.8212,3
"clang","lat","shuffled","fusion8_bf",33554432,600.528,566.3132,607.9285,3
"gcc","lat","shuffled","fusion8_bf",33554432,607.9758,598.5962,612.9333,3
"clang","tput","shuffled","fusion8_bf",33554432,589.4592,580.0827,604.6448,3
"gcc","tput","shuffled","fusion8_bf",33554432,586.8423,555.5298,617.7032,3
"gcc","lat","blocked","fusion8_c",33554432,485.6186,467.8207,525.3143,3
"gcc","tput","blocked","fusion8_c",33554432,471.7117,404.2892,485.022,3
"clang","lat","shuffled","fusion8_c",33554432,554.9606,516.925,554.9774,3
"gcc","lat","shuffled","fusion8_c",33554432,536.8271,530.8746,540.3839,3
"clang","tput","shuffled","fusion8_c",33554432,559.0942,536.6516,559.9045,3
"gcc","tput","shuffled","fusion8_c",33554432,526.7548,517.6468,530.7846,3
"gcc","lat","blocked","sorted_array",33554432,1384.1476,1378.2242,1458.4915,3
"gcc","tput","blocked","sorted_array",33554432,716.0782,686.7996,729.3304,3
"clang","lat","shuffled","sorted_array",33554432,1033.9798,940.4297,1100.7675,3
"gcc","lat","shuffled","sorted_array",33554432,1407.3837,1407.3227,1434.5642,3
"clang","tput","shuffled","sorted_array",33554432,823.5001,795.5185,825.2502,3
"gcc","tput","shuffled","sorted_array",33554432,723.024,684.4543,738.4048,3
