"candidate","mode","keys","n","sessions","candidate_ns","best_splus_ns","ratio_median","ratio_min","ratio_max","beats_splus"
"clusterjump","lat","clustered",256,3,14.6698,12.529,1.16757921621837,1.14739583740702,1.21983527961645,FALSE
"clusterjump","lat","clustered",512,3,15.9012,15.567,1.00279373648065,0.993013978487694,1.05469904284705,FALSE
"clusterjump","lat","clustered",1024,3,16.3284,17.4957,0.914114342625024,0.91353820265235,0.933280748984036,TRUE
"clusterjump","lat","clustered",2048,3,16.1301,17.5156,0.923635884720878,0.915932083399941,0.925106335348108,TRUE
"clusterjump","lat","clustered",4096,3,16.748,17.6346,0.949723838363218,0.948445209147571,0.954609653024911,TRUE
"clusterjump","lat","clustered",8192,3,17.3462,23.3353,0.745640165925162,0.715619683483821,0.75917474446498,TRUE
"clusterjump","lat","clustered",16384,3,17.1219,23.7,0.722443037974684,0.696404086321693,0.725245079413329,TRUE
"clusterjump","lat","clustered",32768,3,17.186,25.5356,0.687479440467426,0.665095408071609,0.687734350301929,TRUE
"clusterjump","lat","clustered",65536,3,19.1101,27.0462,0.696742502585315,0.679185315153227,0.70657245749865,TRUE
"clusterjump","lat","clustered",131072,3,22.2504,35.0922,0.634055431121446,0.624676313345983,0.643647111888341,TRUE
"clusterjump","lat","clustered",262144,3,36.0092,47.8775,0.736887546303036,0.702705742513516,0.752111116912955,TRUE
"clusterjump","lat","clustered",524288,3,59.613,66.124,0.876956329225302,0.806663666952894,0.90153348254794,TRUE
"clusterjump","lat","clustered",1048576,3,107.2632,116.7282,0.950128400759239,0.918914195541437,0.979575219234442,TRUE
"clusterjump","lat","clustered",2097152,3,143.9835,148.8632,0.968766189475116,0.936868883646193,0.980496773864043,TRUE
"clusterjump","lat","clustered",4194304,3,190.4785,187.1185,1.01795653556436,0.998935621055525,1.04339284880203,FALSE
"clusterjump","lat","clustered",8388608,3,232.5317,219.9921,1.05046681221735,1.02497137285779,1.06059771243157,FALSE
"clusterjump","lat","clustered",16777216,3,265.1047,268.4494,0.998812066631551,0.9753678658706,1.01066882902501,FALSE
"clusterjump","lat","clustered",33554432,3,288.5788,311.145,0.918023429590705,0.90041332391019,0.932536106113989,TRUE
"clusterjump","lat","uniform",256,3,12.3734,12.7213,0.981401463833062,0.972652166052212,1.01099968661862,FALSE
"clusterjump","lat","uniform",512,3,12.5381,15.8203,0.807960974855331,0.780769011965639,0.825321555082686,TRUE
"clusterjump","lat","uniform",1024,3,12.6633,17.8146,0.710838301168704,0.707786817200731,0.727359427330816,TRUE
"clusterjump","lat","uniform",2048,3,12.9501,17.8299,0.727682151890925,0.725195157189737,0.730538202099211,TRUE
"clusterjump","lat","uniform",4096,3,12.8952,17.9123,0.719991290900666,0.719907549560916,0.734466141086402,TRUE
"clusterjump","lat","uniform",8192,3,13.5529,23.7503,0.575156912528515,0.5706412129531,0.577303724133292,TRUE
"clusterjump","lat","uniform",16384,3,14.3066,24.1852,0.592687431785744,0.590574161296847,0.596401931759919,TRUE
"clusterjump","lat","uniform",32768,3,16.304,25.4395,0.640356940865959,0.639990062390556,0.641494526228896,TRUE
"clusterjump","lat","uniform",65536,3,19.0063,27.3712,0.694390454200035,0.69430840330179,0.697227360785399,TRUE
"clusterjump","lat","uniform",131072,3,25.6836,37.4619,0.685592562043036,0.654390285646323,0.694707694901053,TRUE
"clusterjump","lat","uniform",262144,3,37.9211,48.1964,0.786803578690525,0.753599077830687,0.826141105713625,TRUE
"clusterjump","lat","uniform",524288,3,65.3214,69.9219,0.889851685211628,0.882421828129874,0.934205163189215,TRUE
"clusterjump","lat","uniform",1048576,3,108.2886,108.6349,1.0281768903208,0.979914373741772,1.07251053310276,FALSE
"clusterjump","lat","uniform",2097152,3,164.9292,147.9691,1.08646206004779,1.08074895567682,1.11461920090073,FALSE
"clusterjump","lat","uniform",4194304,3,222.5967,186.6119,1.20343337978991,1.1928322899022,1.25365614684153,FALSE
"clusterjump","lat","uniform",8388608,3,264.325,221.637,1.19298623825314,1.1926032205814,1.19895376543993,FALSE
"clusterjump","lat","uniform",16777216,3,290.2328,260.2814,1.1150731477547,1.08657289956051,1.11629846459524,FALSE
"clusterjump","lat","uniform",33554432,3,315.3229,314.3692,1.00748878568609,1.00136400130802,1.00869823079566,FALSE
"clusterjump","tput","clustered",256,3,7.2693,2.8961,2.37016628627323,2.33089327026,2.77332760657146,FALSE
"clusterjump","tput","clustered",512,3,7.8842,3.0396,2.59647620615841,2.57727990525069,3.00199385500425,FALSE
"clusterjump","tput","clustered",1024,3,8.1116,4.1977,1.93239154775234,1.79695371162437,2.08888565256438,FALSE
"clusterjump","tput","clustered",2048,3,7.6233,4.1962,1.81671512320671,1.73124167171411,1.83909870634507,FALSE
"clusterjump","tput","clustered",4096,3,8.0429,4.2252,1.87179129139612,1.85777595799513,2.08340433588943,FALSE
"clusterjump","tput","clustered",8192,3,8.5159,5.8624,1.45377104032231,1.32217370208637,1.58953670851528,FALSE
"clusterjump","tput","clustered",16384,3,7.0648,6.0913,1.15981810122634,1.06633959044369,1.18838902308105,FALSE
"clusterjump","tput","clustered",32768,3,5.6381,6.2637,0.90493024730501,0.841898558360075,0.925826792341292,TRUE
"clusterjump","tput","clustered",65536,3,5.1804,7.9941,0.647161702978213,0.618804096296202,0.723996447379943,TRUE
"clusterjump","tput","clustered",131072,3,6.5002,10.2646,0.633263838824698,0.59938484794407,0.664556122494097,TRUE
"clusterjump","tput","clustered",262144,3,8.1375,14.4913,0.561543822845431,0.551042803622526,0.628565350893419,TRUE
"clusterjump","tput","clustered",524288,3,15.4602,27.7054,0.511389624264684,0.501480689111586,0.558021179986573,TRUE
"clusterjump","tput","clustered",1048576,3,22.464,43.4326,0.504564460398768,0.499226387552207,0.520525345024145,TRUE
"clusterjump","tput","clustered",2097152,3,26.7792,54.2023,0.495285175087223,0.48446099150774,0.502161157667937,TRUE
"clusterjump","tput","clustered",4194304,3,32.7515,65.2771,0.49489338746942,0.4896192411945,0.501869721540938,TRUE
"clusterjump","tput","clustered",8388608,3,36.9751,79.3839,0.465775805925383,0.465689410409398,0.471413343851179,TRUE
"clusterjump","tput","clustered",16777216,3,40.6998,91.3437,0.439469826599974,0.43212824155104,0.448617600666647,TRUE
"clusterjump","tput","clustered",33554432,3,43.2083,107.1121,0.403393267427303,0.401795847174046,0.41527965275041,TRUE
"clusterjump","tput","uniform",256,3,3.3493,2.8854,1.16077493588411,1.14474992895709,1.3542544084917,FALSE
"clusterjump","tput","uniform",512,3,3.5309,3.0319,1.18729614311174,1.02114185824071,1.30406760711585,FALSE
"clusterjump","tput","uniform",1024,3,3.5065,4.2328,0.828411453411453,0.775687409551375,0.96769589419097,TRUE
"clusterjump","tput","uniform",2048,3,3.9505,4.2236,0.935339520787953,0.883610124842515,0.958654120330767,TRUE
"clusterjump","tput","uniform",4096,3,3.7323,4.2191,0.884619942641796,0.848749123217208,0.956992097147263,TRUE
"clusterjump","tput","uniform",8192,3,3.8925,5.8731,0.662767533329928,0.646708987637822,0.690263373362445,TRUE
"clusterjump","tput","uniform",16384,3,3.9917,6.0471,0.6566268033097,0.644209621140712,0.685714772069588,TRUE
"clusterjump","tput","uniform",32768,3,4.2236,6.2012,0.684760187756826,0.681093981809972,0.698944425700101,TRUE
"clusterjump","tput","uniform",65536,3,4.7577,8.0139,0.594252945209749,0.593680979298469,0.603121116221861,TRUE
"clusterjump","tput","uniform",131072,3,7.5897,13.8382,0.548460059834372,0.517607325838742,0.572526165297013,TRUE
"clusterjump","tput","uniform",262144,3,10.6888,20.4239,0.570289195982357,0.523347646629684,0.611807977071889,TRUE
"clusterjump","tput","uniform",524288,3,17.6727,30.5954,0.577626048360211,0.535866906843578,0.640781142342723,TRUE
"clusterjump","tput","uniform",1048576,3,23.6191,44.2627,0.533611822143701,0.505119929686614,0.534563509674629,TRUE
"clusterjump","tput","uniform",2097152,3,29.8447,54.509,0.546463105816609,0.524813260455745,0.548414023372287,TRUE
"clusterjump","tput","uniform",4194304,3,37.4619,65.7303,0.563715591613377,0.555147813076039,0.569933500988129,TRUE
"clusterjump","tput","uniform",8388608,3,41.8411,79.4846,0.516620863224266,0.506987325698968,0.526405114953085,TRUE
"clusterjump","tput","uniform",16777216,3,44.7754,94.194,0.475352994882901,0.474505493327042,0.478200831463834,TRUE
"clusterjump","tput","uniform",33554432,3,47.8348,106.9031,0.446621105040371,0.442101997219809,0.447459428211156,TRUE
"spline32","lat","clustered",256,3,23.9624,12.529,1.91255487269535,1.903272797125,2.00191626320853,FALSE
"spline32","lat","clustered",512,3,23.6496,15.567,1.51921372133359,1.51674665287667,1.5234489292182,FALSE
"spline32","lat","clustered",1024,3,28.7109,17.4957,1.64102608069411,1.34978507609623,1.64262054765395,FALSE
"spline32","lat","clustered",2048,3,28.7827,17.5156,1.64648384935609,1.6432608646007,1.64885269755988,FALSE
"spline32","lat","clustered",4096,3,28.9291,17.6346,1.6438281241098,1.64047384119855,1.6458518683274,FALSE
"spline32","lat","clustered",8192,3,29.8859,23.3353,1.27909385947944,1.27535339057988,1.2807163396228,FALSE
"spline32","lat","clustered",16384,3,30.6152,23.7,1.2917805907173,1.29115247942222,1.29227567106585,FALSE
"spline32","lat","clustered",32768,3,32.2205,25.5356,1.26256437755359,1.25832819126917,1.26268033647144,FALSE
"spline32","lat","clustered",65536,3,33.2489,27.0462,1.22063300173325,1.21304625815949,1.22933720818451,FALSE
"spline32","lat","clustered",131072,3,35.2295,35.0922,0.983984359230188,0.916371635702065,1.00391255036732,FALSE
"spline32","lat","clustered",262144,3,46.0876,47.8775,0.96261500704924,0.940052732890118,1.05909178052428,FALSE
"spline32","lat","clustered",524288,3,55.101,66.124,0.848155643481173,0.833298046095215,0.942009318234376,TRUE
"spline32","lat","clustered",1048576,3,77.4231,116.7282,0.685706363510329,0.66327674032496,0.74173599856543,TRUE
"spline32","lat","clustered",2097152,3,109.8694,148.8632,0.748187064812135,0.73526768200603,0.758769903261531,TRUE
"spline32","lat","clustered",4194304,3,148.5519,187.1185,0.806820218531155,0.785386471306784,0.837649938408014,TRUE
"spline32","lat","clustered",8388608,3,189.5767,219.9921,0.850499243331586,0.842377976300058,0.864676146737522,TRUE
"spline32","lat","clustered",16777216,3,219.8044,268.4494,0.817090865560936,0.81401718496959,0.818792666327434,TRUE
"spline32","lat","clustered",33554432,3,266.1133,311.145,0.841748666133379,0.831818685635013,0.855271015121567,TRUE
"spline32","lat","uniform",256,3,25.9766,12.7213,2.04243993554645,2.03514572234409,2.04317168842807,FALSE
"spline32","lat","uniform",512,3,26.0559,15.8203,1.64601564614453,1.64524439449142,1.64959577252012,FALSE
"spline32","lat","uniform",1024,3,26.0422,17.8146,1.46184590167615,1.45025104913922,1.46216332964943,FALSE
"spline32","lat","uniform",2048,3,24.5636,17.8299,1.37554179219819,1.3490611955084,1.4628124666992,FALSE
"spline32","lat","uniform",4096,3,24.1379,17.9123,1.34758931826467,1.34756005649749,1.34764379783724,FALSE
"spline32","lat","uniform",8192,3,24.9756,23.7503,1.05351932396643,1.05003909961573,1.05506222800754,FALSE
"spline32","lat","uniform",16384,3,30.5817,24.1852,1.28375871043573,1.07261879165771,1.28974319811434,FALSE
"spline32","lat","uniform",32768,3,32.0526,25.4395,1.26053366565554,1.25995400853004,1.2606987997235,FALSE
"spline32","lat","uniform",65536,3,33.194,27.3712,1.21223661585173,1.20875999592152,1.21318027707956,FALSE
"spline32","lat","uniform",131072,3,35.8765,37.4619,0.957679669210585,0.915081173137133,0.999422731610811,TRUE
"spline32","lat","uniform",262144,3,38.8779,48.1964,0.806655683827008,0.775653944020356,0.922499018433319,TRUE
"spline32","lat","uniform",524288,3,55.5954,69.9219,0.795107112363937,0.73862518298097,0.886433440202603,TRUE
"spline32","lat","uniform",1048576,3,79.5578,108.6349,0.713632374196132,0.712901654993009,0.787955320232075,TRUE
"spline32","lat","uniform",2097152,3,109.1248,147.9691,0.737483704368006,0.721396855072948,0.739297904130056,TRUE
"spline32","lat","uniform",4194304,3,153.1738,186.6119,0.83684015858976,0.796554239038346,0.849269718498519,TRUE
"spline32","lat","uniform",8388608,3,192.2379,221.637,0.845750483899349,0.832197380749679,0.872478503227353,TRUE
"spline32","lat","uniform",16777216,3,219.3665,260.2814,0.820244507593048,0.799910956429526,0.842805133213514,TRUE
"spline32","lat","uniform",33554432,3,265.1093,314.3692,0.836767819201174,0.826642266348452,0.846275971055689,TRUE
"spline32","tput","clustered",256,3,11.8103,2.8961,4.09173556677047,3.85076622106293,4.62014433203273,FALSE
"spline32","tput","clustered",512,3,11.261,3.0396,3.70854602338218,3.61296332614238,3.71430451375181,FALSE
"spline32","tput","clustered",1024,3,13.7329,4.1977,3.32085828343313,2.68447006694142,3.33330906089954,FALSE
"spline32","tput","clustered",2048,3,14.0091,4.1962,3.32605693519079,3.31922001611145,3.34216672227253,FALSE
"spline32","tput","clustered",4096,3,13.9969,4.2252,3.31130325874901,3.26384137401382,3.31271892454795,FALSE
"spline32","tput","clustered",8192,3,14.1708,5.8624,2.38710778790672,2.38498218139838,2.41723526200873,FALSE
"spline32","tput","clustered",16384,3,14.6637,6.0913,2.40731863477419,2.40670289855072,2.41209963244946,FALSE
"spline32","tput","clustered",32768,3,15.0986,6.2637,2.4104922010952,2.39670259987318,2.41316627803869,FALSE
"spline32","tput","clustered",65536,3,15.9195,7.9941,1.9990155592774,1.99140616204451,2.13551868878673,FALSE
"spline32","tput","clustered",131072,3,17.5308,10.2646,1.70788925043353,1.64795769479055,1.76437366813281,FALSE
"spline32","tput","clustered",262144,3,22.7036,14.4913,1.56670554056572,1.35433493613381,1.9807998224261,FALSE
"spline32","tput","clustered",524288,3,27.6932,27.7054,0.999559652630895,0.859497804301317,1.11529071538597,FALSE
"spline32","tput","clustered",1048576,3,39.4409,43.4326,0.900639517426514,0.82742304733481,0.908094380718631,TRUE
"spline32","tput","clustered",2097152,3,49.7467,54.2023,0.917796846259291,0.877249994843225,0.926884529700958,TRUE
"spline32","tput","clustered",4194304,3,65.2939,65.2771,1.00032976803746,1.00025736437434,1.04526064954238,FALSE
"spline32","tput","clustered",8388608,3,89.7964,79.3839,1.13116639520104,1.12596436408679,1.14228798094805,FALSE
"spline32","tput","clustered",16777216,3,102.6611,91.3437,1.12363195272361,1.11355152237695,1.13159220349483,FALSE
"spline32","tput","clustered",33554432,3,129.4861,107.1121,1.20888396362316,1.19090341435114,1.24755880892422,FALSE
"spline32","tput","uniform",256,3,13.916,2.8854,4.82290150412421,4.77226502311248,4.83748934356351,FALSE
"spline32","tput","uniform",512,3,13.8535,3.0319,4.58445139379266,4.55542402420177,4.60295524258716,FALSE
"spline32","tput","uniform",1024,3,13.9084,4.2328,3.28586278586279,3.10481703535249,3.3085303772777,FALSE
"spline32","tput","uniform",2048,3,11.8484,4.2236,2.80528459134388,2.57358836330317,3.32340081741279,FALSE
"spline32","tput","uniform",4096,3,11.2823,4.2191,2.67410111161148,2.64147767126491,2.67463377023901,FALSE
"spline32","tput","uniform",8192,3,11.6379,5.8731,1.94418643501504,1.93635388466057,2.00443504366812,FALSE
"spline32","tput","uniform",16384,3,14.3921,6.0471,2.4206313770237,2.0276027701469,2.44988594968168,FALSE
"spline32","tput","uniform",32768,3,15.0757,6.2012,2.42214938705998,2.40396953012068,2.4335451202993,FALSE
"spline32","tput","uniform",65536,3,15.9866,8.0139,1.99296889609175,1.98845596996758,2.01048178789353,FALSE
"spline32","tput","uniform",131072,3,18.5074,13.8382,1.34039109132691,1.2526074273609,1.80299905051894,FALSE
"spline32","tput","uniform",262144,3,20.4865,20.4239,1.03417637336306,1.00306503655032,1.68323859565321,FALSE
"spline32","tput","uniform",524288,3,29.747,30.5954,0.972270341293135,0.904538464918062,1.27826309992607,FALSE
"spline32","tput","uniform",1048576,3,36.1588,44.2627,0.814583694719223,0.805881701748877,0.865672135485578,TRUE
"spline32","tput","uniform",2097152,3,53.0792,54.509,0.971891977009684,0.944683164312246,0.998319543561614,TRUE
"spline32","tput","uniform",4194304,3,66.6946,65.7303,1.01467055528424,0.992585051327734,1.02555806748224,FALSE
"spline32","tput","uniform",8388608,3,91.8777,79.4846,1.13828273802525,1.12766633898447,1.15591825334719,FALSE
"spline32","tput","uniform",16777216,3,105.5847,94.194,1.11401463561024,1.08459884503402,1.12092808459138,FALSE
"spline32","tput","uniform",33554432,3,129.6738,106.9031,1.20903462807914,1.20835032287153,1.2301738677363,FALSE
