structure,n,levels_mean,levels_modal_share,lines_per_query,bytes_per_query,l0_mpq,l1_mpq,l2_mpq,l3_mpq,stlb_mpq
sorted_array,256,0.000,1.0000,5.06,79.9,0.000,0.000,0.000,0.000,0.000
btree8,256,3.000,1.0000,6.31,130.9,0.000,0.000,0.000,0.000,0.000
btree8_bl,256,3.000,1.0000,7.71,233.8,0.000,0.000,0.000,0.000,0.000
btree8_a64,256,3.000,1.0000,6.00,130.9,0.000,0.000,0.000,0.000,0.000
btree8_bl_a64,256,3.000,1.0000,6.00,233.8,0.000,0.000,0.000,0.000,0.000
btree16_bl_a64,256,2.000,1.0000,6.94,284.7,0.000,0.000,0.000,0.000,0.000
fusion8,256,3.000,1.0000,10.77,179.0,0.000,0.000,0.000,0.000,0.000
fusion8_bf,256,3.000,1.0000,10.77,179.0,0.000,0.000,0.000,0.000,0.000
fusion8_c,256,3.000,1.0000,6.00,113.0,0.000,0.000,0.000,0.000,0.000
fusion16_w,256,2.000,1.0000,8.06,120.0,0.000,0.000,0.000,0.000,0.000
sorted_array,512,0.000,1.0000,6.03,88.0,0.000,0.000,0.000,0.000,0.000
btree8,512,3.000,1.0000,6.67,152.5,0.000,0.000,0.000,0.000,0.000
btree8_bl,512,3.000,1.0000,6.90,236.1,0.000,0.000,0.000,0.000,0.000
btree8_a64,512,3.000,1.0000,6.00,152.5,0.000,0.000,0.000,0.000,0.000
btree8_bl_a64,512,3.000,1.0000,6.00,236.1,0.000,0.000,0.000,0.000,0.000
btree16_bl_a64,512,2.875,0.8755,10.48,408.7,0.334,0.000,0.000,0.000,0.000
fusion8,512,3.000,1.0000,11.09,179.0,0.000,0.000,0.000,0.000,0.000
fusion8_bf,512,3.000,1.0000,11.09,179.0,0.000,0.000,0.000,0.000,0.000
fusion8_c,512,3.000,1.0000,6.00,113.0,0.000,0.000,0.000,0.000,0.000
fusion16_w,512,2.875,0.8755,11.55,174.8,0.029,0.000,0.000,0.000,0.000
sorted_array,1024,0.000,1.0000,7.01,96.0,0.000,0.000,0.000,0.000,0.000
btree8,1024,3.589,0.5894,7.96,176.0,0.000,0.000,0.000,0.000,0.000
btree8_bl,1024,3.589,0.5894,8.28,283.2,0.000,0.000,0.000,0.000,0.000
btree8_a64,1024,3.589,0.5894,7.18,176.0,0.004,0.000,0.000,0.000,0.000
btree8_bl_a64,1024,3.589,0.5894,7.18,283.2,0.004,0.000,0.000,0.000,0.000
btree16_bl_a64,1024,3.000,1.0000,10.87,427.8,0.905,0.000,0.000,0.000,0.000
fusion8,1024,3.589,0.5894,12.81,216.6,0.302,0.000,0.000,0.000,0.000
fusion8_bf,1024,3.589,0.5894,12.81,216.6,0.302,0.000,0.000,0.000,0.000
fusion8_c,1024,3.589,0.5894,7.18,137.6,0.004,0.000,0.000,0.000,0.000
fusion16_w,1024,3.000,1.0000,11.93,182.0,0.427,0.000,0.000,0.000,0.000
sorted_array,2048,0.000,1.0000,8.00,104.0,0.000,0.000,0.000,0.000,0.000
btree8,2048,4.000,1.0000,8.80,187.9,0.453,0.000,0.000,0.000,0.000
btree8_bl,2048,4.000,1.0000,9.32,314.4,1.054,0.000,0.000,0.000,0.000
btree8_a64,2048,4.000,1.0000,8.00,187.9,1.029,0.000,0.000,0.000,0.000
btree8_bl_a64,2048,4.000,1.0000,8.00,314.4,1.029,0.000,0.000,0.000,0.000
btree16_bl_a64,2048,3.000,1.0000,10.89,428.9,1.061,0.000,0.000,0.000,0.000
fusion8,2048,4.000,1.0000,14.32,240.0,2.434,0.000,0.000,0.000,0.000
fusion8_bf,2048,4.000,1.0000,14.32,240.0,2.434,0.000,0.000,0.000,0.000
fusion8_c,2048,4.000,1.0000,8.00,152.0,1.029,0.000,0.000,0.000,0.000
fusion16_w,2048,3.000,1.0000,12.44,182.0,1.136,0.000,0.000,0.000,0.000
sorted_array,4096,0.000,1.0000,9.00,112.0,0.000,0.000,0.000,0.000,0.000
btree8,4096,4.000,1.0000,8.98,201.5,0.825,0.000,0.000,0.000,0.000
btree8_bl,4096,4.000,1.0000,9.28,315.8,1.143,0.000,0.000,0.000,0.000
btree8_a64,4096,4.000,1.0000,8.00,201.5,1.131,0.000,0.000,0.000,0.000
btree8_bl_a64,4096,4.000,1.0000,8.00,315.8,1.131,0.000,0.000,0.000,0.000
btree16_bl_a64,4096,3.000,1.0000,10.88,429.4,1.123,0.000,0.000,0.000,0.000
fusion8,4096,4.000,1.0000,14.54,240.0,2.846,0.000,0.000,0.000,0.000
fusion8_bf,4096,4.000,1.0000,14.54,240.0,2.846,0.000,0.000,0.000,0.000
fusion8_c,4096,4.000,1.0000,8.00,152.0,1.131,0.000,0.000,0.000,0.000
fusion16_w,4096,3.000,1.0000,12.58,182.0,1.375,0.000,0.000,0.000,0.000
sorted_array,8192,0.000,1.0000,10.00,120.0,1.939,0.000,0.000,0.000,0.000
btree8,8192,4.393,0.6068,9.90,225.5,2.483,0.130,0.000,0.000,0.000
btree8_bl,8192,4.393,0.6068,10.10,348.5,2.746,0.363,0.000,0.000,0.000
btree8_a64,8192,4.393,0.6068,8.79,225.5,2.244,0.421,0.000,0.000,0.000
btree8_bl_a64,8192,4.393,0.6068,8.79,348.5,2.244,0.421,0.000,0.000,0.000
btree16_bl_a64,8192,3.801,0.8013,14.22,543.3,4.719,2.210,0.000,0.000,0.000
fusion8,8192,4.393,0.6068,14.77,266.4,4.846,1.527,0.000,0.000,0.000
fusion8_bf,8192,4.393,0.6068,14.77,266.4,4.846,1.527,0.000,0.000,0.000
fusion8_c,8192,4.393,0.6068,8.79,169.8,2.244,0.421,0.000,0.000,0.000
fusion16_w,8192,3.801,0.8013,15.82,232.5,5.420,2.259,0.000,0.000,0.000
sorted_array,16384,0.000,1.0000,11.00,128.0,5.630,0.000,0.000,0.000,0.000
btree8,16384,5.000,1.0000,10.76,240.7,4.175,1.952,0.000,0.000,0.000
btree8_bl,16384,5.000,1.0000,11.26,394.0,4.795,2.620,0.000,0.000,0.000
btree8_a64,16384,5.000,1.0000,10.00,240.7,3.792,2.212,0.000,0.000,0.000
btree8_bl_a64,16384,5.000,1.0000,10.00,394.0,3.792,2.212,0.000,0.000,0.000
btree16_bl_a64,16384,4.000,1.0000,14.81,572.1,5.459,3.070,0.000,0.000,0.000
fusion8,16384,5.000,1.0000,16.69,301.0,7.555,4.542,0.000,0.000,0.000
fusion8_bf,16384,5.000,1.0000,16.69,301.0,7.555,4.542,0.000,0.000,0.000
fusion8_c,16384,5.000,1.0000,10.00,191.0,3.792,2.212,0.000,0.000,0.000
fusion16_w,16384,4.000,1.0000,16.42,244.0,6.305,3.351,0.000,0.000,0.000
sorted_array,32768,0.000,1.0000,12.00,136.0,8.188,2.170,0.000,0.000,0.000
btree8,32768,5.000,1.0000,10.92,254.2,4.407,2.256,0.000,0.000,0.000
btree8_bl,32768,5.000,1.0000,11.27,395.8,4.838,2.715,0.000,0.000,0.000
btree8_a64,32768,5.000,1.0000,10.00,254.2,3.816,2.273,0.000,0.000,0.000
btree8_bl_a64,32768,5.000,1.0000,10.00,395.8,3.816,2.273,0.000,0.000,0.000
btree16_bl_a64,32768,4.000,1.0000,14.82,573.3,5.479,3.135,0.000,0.000,0.000
fusion8,32768,5.000,1.0000,16.91,301.0,7.834,4.895,0.000,0.000,0.000
fusion8_bf,32768,5.000,1.0000,16.91,301.0,7.834,4.895,0.000,0.000,0.000
fusion8_c,32768,5.000,1.0000,10.00,191.0,3.816,2.273,0.000,0.000,0.000
fusion16_w,32768,4.000,1.0000,16.88,244.0,6.858,4.022,0.000,0.000,0.000
sorted_array,65536,0.000,1.0000,13.00,144.0,10.283,6.307,0.000,0.000,0.000
btree8,65536,5.201,0.7993,11.94,275.8,5.199,3.345,0.000,0.000,0.000
btree8_bl,65536,5.201,0.7993,12.04,414.4,5.325,3.479,0.000,0.000,0.000
btree8_a64,65536,5.201,0.7993,10.40,275.8,4.315,2.819,0.000,0.000,0.000
btree8_bl_a64,65536,5.201,0.7993,10.40,414.4,4.315,2.819,0.000,0.000,0.000
btree16_bl_a64,65536,4.000,1.0000,14.82,574.0,5.495,3.172,0.000,0.000,0.000
fusion8,65536,5.201,0.7993,17.30,316.4,8.546,5.880,0.000,0.000,0.000
fusion8_bf,65536,5.201,0.7993,17.30,316.4,8.546,5.880,0.000,0.000,0.000
fusion8_c,65536,5.201,0.7993,10.40,202.0,4.315,2.819,0.000,0.000,0.000
fusion16_w,65536,4.000,1.0000,17.14,244.0,7.184,4.391,0.000,0.000,0.000
sorted_array,131072,0.000,1.0000,14.00,152.0,11.705,9.039,0.000,0.000,0.000
btree8,131072,6.000,1.0000,13.62,294.3,7.154,5.380,0.813,0.000,0.000
btree8_bl,131072,6.000,1.0000,14.12,473.6,7.733,5.969,1.431,0.000,0.000
btree8_a64,131072,6.000,1.0000,12.00,294.3,6.219,4.812,1.282,0.000,0.016
btree8_bl_a64,131072,6.000,1.0000,12.00,473.6,6.219,4.812,1.282,0.000,0.016
btree16_bl_a64,131072,4.722,0.7216,17.91,676.8,9.557,7.062,2.132,0.000,0.474
fusion8,131072,6.000,1.0000,20.04,362.0,11.701,9.094,2.897,0.000,0.428
fusion8_bf,131072,6.000,1.0000,20.04,362.0,11.701,9.094,2.897,0.000,0.428
fusion8_c,131072,6.000,1.0000,12.00,230.0,6.219,4.812,1.282,0.000,0.016
fusion16_w,131072,4.722,0.7216,20.03,289.9,10.555,8.077,2.096,0.000,0.672
sorted_array,262144,0.000,1.0000,15.00,160.0,12.854,11.072,0.000,0.000,0.000
btree8,262144,6.000,1.0000,13.78,307.2,7.337,5.569,1.121,0.000,0.000
btree8_bl,262144,6.000,1.0000,14.13,475.6,7.753,5.994,1.558,0.000,0.000
btree8_a64,262144,6.000,1.0000,12.00,307.2,6.218,4.811,1.394,0.000,0.016
btree8_bl_a64,262144,6.000,1.0000,12.00,475.6,6.218,4.811,1.394,0.000,0.016
btree16_bl_a64,262144,5.000,1.0000,18.75,716.4,10.220,8.008,3.162,0.000,1.020
fusion8,262144,6.000,1.0000,20.25,362.0,11.940,9.367,3.310,0.000,0.428
fusion8_bf,262144,6.000,1.0000,20.25,362.0,11.940,9.367,3.310,0.000,0.428
fusion8_c,262144,6.000,1.0000,12.00,230.0,6.218,4.811,1.394,0.000,0.016
fusion16_w,262144,5.000,1.0000,20.89,306.0,11.309,9.475,3.304,0.000,1.213
sorted_array,524288,0.000,1.0000,16.00,168.0,13.929,12.688,3.266,0.000,0.000
btree8,524288,6.000,1.0000,13.99,327.4,7.581,5.830,1.448,0.000,0.000
btree8_bl,524288,6.000,1.0000,14.16,476.7,7.776,6.028,1.631,0.000,0.000
btree8_a64,524288,6.000,1.0000,12.00,327.4,6.220,4.811,1.456,0.000,0.015
btree8_bl_a64,524288,6.000,1.0000,12.00,476.7,6.220,4.811,1.456,0.000,0.015
btree16_bl_a64,524288,5.000,1.0000,18.76,717.8,10.238,8.032,3.217,0.000,1.028
fusion8,524288,6.000,1.0000,20.44,362.0,12.136,9.566,3.603,0.000,0.426
fusion8_bf,524288,6.000,1.0000,20.44,362.0,12.136,9.566,3.603,0.000,0.426
fusion8_c,524288,6.000,1.0000,12.00,230.0,6.220,4.811,1.456,0.000,0.015
fusion16_w,524288,5.000,1.0000,21.31,306.0,11.772,10.000,3.922,0.000,1.218
sorted_array,1048576,0.000,1.0000,17.00,176.0,14.966,14.067,9.340,0.000,0.000
btree8,1048576,6.987,0.9871,15.99,348.3,10.536,8.346,4.528,0.001,1.845
btree8_bl,1048576,6.987,0.9871,16.48,552.7,11.068,8.910,5.137,0.007,1.845
btree8_a64,1048576,6.987,0.9871,13.97,348.3,8.507,7.108,4.077,0.005,1.864
btree8_bl_a64,1048576,6.987,0.9871,13.97,552.7,8.507,7.108,4.077,0.005,1.864
btree16_bl_a64,1048576,5.000,1.0000,18.76,718.5,10.246,8.028,3.239,0.000,1.025
fusion8,1048576,6.987,0.9871,23.83,422.3,15.635,13.180,7.907,0.373,2.138
fusion8_bf,1048576,6.987,0.9871,23.83,422.3,15.635,13.180,7.907,0.373,2.138
fusion8_c,1048576,6.987,0.9871,13.97,268.5,8.507,7.108,4.077,0.005,1.864
fusion16_w,1048576,5.000,1.0000,21.61,306.0,12.107,10.312,4.324,0.000,1.220
sorted_array,2097152,0.000,1.0000,18.00,184.0,15.975,15.326,13.004,0.000,4.906
btree8,2097152,7.000,1.0000,16.16,359.9,10.083,8.417,4.748,0.002,1.847
btree8_bl,2097152,7.000,1.0000,16.54,555.6,10.508,8.848,5.216,0.009,1.847
btree8_a64,2097152,7.000,1.0000,14.00,359.9,8.498,7.134,4.112,0.003,1.887
btree8_bl_a64,2097152,7.000,1.0000,14.00,555.6,8.498,7.134,4.112,0.003,1.887
btree16_bl_a64,2097152,5.649,0.6485,21.63,811.3,13.332,11.544,6.824,0.443,2.028
fusion8,2097152,7.000,1.0000,23.73,423.0,15.868,13.470,8.221,0.471,2.145
fusion8_bf,2097152,7.000,1.0000,23.73,423.0,15.868,13.470,8.221,0.471,2.145
fusion8_c,2097152,7.000,1.0000,14.00,269.0,8.498,7.134,4.112,0.003,1.887
fusion16_w,2097152,5.649,0.6485,24.31,347.6,15.148,13.093,7.800,1.348,2.099
sorted_array,4194304,0.000,1.0000,19.00,192.0,18.991,16.431,15.210,0.662,8.069
btree8,4194304,7.000,1.0000,16.36,377.7,10.293,8.629,4.979,0.005,1.846
btree8_bl,4194304,7.000,1.0000,16.54,556.6,10.503,8.843,5.210,0.009,1.846
btree8_a64,4194304,7.000,1.0000,14.00,377.7,8.490,7.137,4.115,0.002,1.888
btree8_bl_a64,4194304,7.000,1.0000,14.00,556.6,8.490,7.137,4.115,0.002,1.888
btree16_bl_a64,4194304,6.000,1.0000,22.71,860.9,14.451,12.675,8.038,1.741,2.496
fusion8,4194304,7.000,1.0000,23.90,423.0,16.044,13.655,8.423,0.596,2.144
fusion8_bf,4194304,7.000,1.0000,23.90,423.0,16.044,13.655,8.423,0.596,2.144
fusion8_c,4194304,7.000,1.0000,14.00,269.0,8.490,7.137,4.115,0.002,1.888
fusion16_w,4194304,6.000,1.0000,25.39,368.0,16.334,14.353,9.098,3.350,2.651
sorted_array,8388608,0.000,1.0000,20.00,200.0,19.996,17.601,16.934,6.959,10.337
btree8,8388608,7.860,0.8602,18.16,400.2,12.402,10.771,7.166,0.710,2.896
btree8_bl,8388608,7.860,0.8602,18.58,623.4,12.865,11.247,7.659,1.139,2.896
btree8_a64,8388608,7.860,0.8602,15.72,400.2,10.385,9.052,6.171,0.364,2.890
btree8_bl_a64,8388608,7.860,0.8602,15.72,623.4,10.385,9.052,6.171,0.364,2.890
btree16_bl_a64,8388608,6.000,1.0000,22.71,862.3,14.439,12.666,8.043,1.767,2.493
fusion8,8388608,7.860,0.8602,26.93,476.0,18.984,16.727,11.556,5.255,3.164
fusion8_bf,8388608,7.860,0.8602,26.93,476.0,18.984,16.727,11.556,5.255,3.164
fusion8_c,8388608,7.860,0.8602,15.72,303.1,10.385,9.052,6.171,0.364,2.890
fusion16_w,8388608,6.000,1.0000,25.72,368.0,16.689,14.729,9.500,3.420,2.646
sorted_array,16777216,0.000,1.0000,21.00,208.0,20.998,18.762,18.464,10.953,11.900
btree8,16777216,8.000,1.0000,18.50,412.7,12.650,11.178,7.608,1.160,3.023
btree8_bl,16777216,8.000,1.0000,18.93,635.3,13.115,11.644,8.096,1.699,3.023
btree8_a64,16777216,8.000,1.0000,16.00,412.7,10.714,9.349,6.499,0.545,3.010
btree8_bl_a64,16777216,8.000,1.0000,16.00,635.3,10.714,9.349,6.499,0.545,3.010
btree16_bl_a64,16777216,6.000,1.0000,22.70,862.9,14.440,12.678,8.060,1.836,2.494
fusion8,16777216,8.000,1.0000,27.24,484.0,19.683,17.302,12.279,6.455,3.293
fusion8_bf,16777216,8.000,1.0000,27.24,484.0,19.683,17.302,12.279,6.455,3.293
fusion8_c,16777216,8.000,1.0000,16.00,308.0,10.714,9.349,6.499,0.545,3.010
fusion16_w,16777216,6.000,1.0000,26.07,368.0,17.064,15.118,9.933,3.650,2.649
sorted_array,33554432,0.000,1.0000,22.00,216.0,21.999,19.854,19.711,13.617,13.606
btree8,33554432,8.000,1.0000,18.73,429.3,12.899,11.426,7.870,1.443,3.025
btree8_bl,33554432,8.000,1.0000,18.94,636.6,13.129,11.655,8.110,1.725,3.025
btree8_a64,33554432,8.000,1.0000,16.00,429.3,10.716,9.347,6.503,0.549,3.015
btree8_bl_a64,33554432,8.000,1.0000,16.00,636.6,10.716,9.347,6.503,0.549,3.015
btree16_bl_a64,33554432,6.562,0.5617,25.31,943.9,17.256,15.590,11.139,5.541,3.136
fusion8,33554432,8.000,1.0000,27.44,484.0,19.893,17.530,12.512,6.825,3.296
fusion8_bf,33554432,8.000,1.0000,27.44,484.0,19.893,17.530,12.512,6.825,3.296
fusion8_c,33554432,8.000,1.0000,16.00,308.0,10.716,9.347,6.503,0.549,3.015
fusion16_w,33554432,6.562,0.5617,28.51,404.6,19.702,17.757,12.766,7.258,3.185
